Copyright 1986-2022 Xilinx, Inc. All Rights Reserved. Copyright 2022-2024 Advanced Micro Devices, Inc. All Rights Reserved.
---------------------------------------------------------------------------------------------------------------------------------------------
| Tool Version : Vivado v.2024.1 (win64) Build 5076996 Wed May 22 18:37:14 MDT 2024
| Date         : Thu Sep 17 20:50:53 2026
| Host         : SRIKARVELA8715 running 64-bit major release  (build 9200)
| Command      : report_utilization -hierarchical -file C:/feed/reports/impl/utilization_hierarchical.rpt
| Design       : feed_handler_bd_wrapper
| Device       : xc7z020clg400-1
| Speed File   : -1
| Design State : Routed
---------------------------------------------------------------------------------------------------------------------------------------------

Utilization Design Information

Table of Contents
-----------------
1. Utilization by Hierarchy

1. Utilization by Hierarchy
---------------------------

+-----------------------------------------------------------------------------------+-----------------------------------------------------------------------------------------------+------------+------------+---------+------+-------+--------+--------+------------+
|                                      Instance                                     |                                             Module                                            | Total LUTs | Logic LUTs | LUTRAMs | SRLs |  FFs  | RAMB36 | RAMB18 | DSP Blocks |
+-----------------------------------------------------------------------------------+-----------------------------------------------------------------------------------------------+------------+------------+---------+------+-------+--------+--------+------------+
| feed_handler_bd_wrapper                                                           |                                                                                         (top) |      38814 |      37129 |      18 | 1667 | 38646 |      2 |      0 |        104 |
|   feed_handler_bd_i                                                               |                                                                               feed_handler_bd |      38814 |      37129 |      18 | 1667 | 38646 |      2 |      0 |        104 |
|     (feed_handler_bd_i)                                                           |                                                                               feed_handler_bd |          0 |          0 |       0 |    0 |     0 |      0 |      0 |          0 |
|     axi_dma_0                                                                     |                                                                   feed_handler_bd_axi_dma_0_0 |       1400 |       1296 |       8 |   96 |  1851 |      2 |      0 |          0 |
|       (axi_dma_0)                                                                 |                                                                   feed_handler_bd_axi_dma_0_0 |          0 |          0 |       0 |    0 |     0 |      0 |      0 |          0 |
|       U0                                                                          |                                                           feed_handler_bd_axi_dma_0_0_axi_dma |       1400 |       1296 |       8 |   96 |  1851 |      2 |      0 |          0 |
|         INCLUDE_MM2S_SOF_EOF_GENERATOR.I_MM2S_DMA_MNGR                            |                                                 feed_handler_bd_axi_dma_0_0_axi_dma_mm2s_mngr |         13 |         13 |       0 |    0 |    73 |      0 |      0 |          0 |
|           (INCLUDE_MM2S_SOF_EOF_GENERATOR.I_MM2S_DMA_MNGR)                        |                                                 feed_handler_bd_axi_dma_0_0_axi_dma_mm2s_mngr |          0 |          0 |       0 |    0 |     1 |      0 |      0 |          0 |
|           GEN_MM2S_DMA_CONTROL.GEN_SIMPLE_DMA_MODE.I_MM2S_SMPL_SM                 |                                               feed_handler_bd_axi_dma_0_0_axi_dma_smple_sm_29 |          8 |          8 |       0 |    0 |    62 |      0 |      0 |          0 |
|           GEN_MM2S_DMA_CONTROL.I_MM2S_CMDSTS                                      |                                            feed_handler_bd_axi_dma_0_0_axi_dma_mm2s_cmdsts_if |          3 |          3 |       0 |    0 |     7 |      0 |      0 |          0 |
|           GEN_MM2S_DMA_CONTROL.I_MM2S_STS_MNGR                                    |                                             feed_handler_bd_axi_dma_0_0_axi_dma_mm2s_sts_mngr |          2 |          2 |       0 |    0 |     3 |      0 |      0 |          0 |
|         INCLUDE_S2MM_SOF_EOF_GENERATOR.I_S2MM_DMA_MNGR                            |                                                 feed_handler_bd_axi_dma_0_0_axi_dma_s2mm_mngr |         27 |         27 |       0 |    0 |    98 |      0 |      0 |          0 |
|           (INCLUDE_S2MM_SOF_EOF_GENERATOR.I_S2MM_DMA_MNGR)                        |                                                 feed_handler_bd_axi_dma_0_0_axi_dma_s2mm_mngr |          0 |          0 |       0 |    0 |     1 |      0 |      0 |          0 |
|           GEN_S2MM_DMA_CONTROL.GEN_SIMPLE_DMA_MODE.I_S2MM_SMPL_SM                 |                                                  feed_handler_bd_axi_dma_0_0_axi_dma_smple_sm |          8 |          8 |       0 |    0 |    62 |      0 |      0 |          0 |
|           GEN_S2MM_DMA_CONTROL.I_S2MM_CMDSTS                                      |                                            feed_handler_bd_axi_dma_0_0_axi_dma_s2mm_cmdsts_if |         17 |         17 |       0 |    0 |    32 |      0 |      0 |          0 |
|           GEN_S2MM_DMA_CONTROL.I_S2MM_STS_MNGR                                    |                                             feed_handler_bd_axi_dma_0_0_axi_dma_s2mm_sts_mngr |          2 |          2 |       0 |    0 |     3 |      0 |      0 |          0 |
|         I_AXI_DMA_REG_MODULE                                                      |                                                feed_handler_bd_axi_dma_0_0_axi_dma_reg_module |        157 |        157 |       0 |    0 |   259 |      0 |      0 |          0 |
|           GEN_AXI_LITE_IF.AXI_LITE_IF_I                                           |                                                   feed_handler_bd_axi_dma_0_0_axi_dma_lite_if |        123 |        123 |       0 |    0 |    85 |      0 |      0 |          0 |
|           GEN_MM2S_REGISTERS.I_MM2S_DMA_REGISTER                                  |                                                  feed_handler_bd_axi_dma_0_0_axi_dma_register |         17 |         17 |       0 |    0 |    87 |      0 |      0 |          0 |
|           GEN_S2MM_REGISTERS.I_S2MM_DMA_REGISTER                                  |                                             feed_handler_bd_axi_dma_0_0_axi_dma_register_s2mm |         17 |         17 |       0 |    0 |    87 |      0 |      0 |          0 |
|         I_PRMRY_DATAMOVER                                                         |                                                     feed_handler_bd_axi_dma_0_0_axi_datamover |       1185 |       1081 |       8 |   96 |  1383 |      2 |      0 |          0 |
|           GEN_MM2S_FULL.I_MM2S_FULL_WRAPPER                                       |                                      feed_handler_bd_axi_dma_0_0_axi_datamover_mm2s_full_wrap |        391 |        357 |       0 |   34 |   417 |      1 |      0 |          0 |
|             ENABLE_AXIS_SKID.I_MM2S_SKID_BUF                                      |                                         feed_handler_bd_axi_dma_0_0_axi_datamover_skid_buf_12 |         14 |         14 |       0 |    0 |    22 |      0 |      0 |          0 |
|             GEN_INCLUDE_MM2S_SF.I_RD_SF                                           |                                               feed_handler_bd_axi_dma_0_0_axi_datamover_rd_sf |         99 |         97 |       0 |    2 |    61 |      1 |      0 |          0 |
|               (GEN_INCLUDE_MM2S_SF.I_RD_SF)                                       |                                               feed_handler_bd_axi_dma_0_0_axi_datamover_rd_sf |          9 |          9 |       0 |    0 |     8 |      0 |      0 |          0 |
|               I_DATA_FIFO                                                         |                                        feed_handler_bd_axi_dma_0_0_axi_datamover_sfifo_autord |         80 |         80 |       0 |    0 |    47 |      1 |      0 |          0 |
|                 BLK_MEM.I_SYNC_FIFOGEN_FIFO                                       |                                                      feed_handler_bd_axi_dma_0_0_sync_fifo_fg |         80 |         80 |       0 |    0 |    47 |      1 |      0 |          0 |
|                   (BLK_MEM.I_SYNC_FIFOGEN_FIFO)                                   |                                                      feed_handler_bd_axi_dma_0_0_sync_fifo_fg |         20 |         20 |       0 |    0 |     0 |      0 |      0 |          0 |
|                   xpm_fifo_instance.xpm_fifo_sync_inst                            |                                                     feed_handler_bd_axi_dma_0_0_xpm_fifo_sync |         60 |         60 |       0 |    0 |    47 |      1 |      0 |          0 |
|                     xpm_fifo_base_inst                                            |                                                     feed_handler_bd_axi_dma_0_0_xpm_fifo_base |         60 |         60 |       0 |    0 |    47 |      1 |      0 |          0 |
|                       (xpm_fifo_base_inst)                                        |                                                     feed_handler_bd_axi_dma_0_0_xpm_fifo_base |          4 |          4 |       0 |    0 |     9 |      0 |      0 |          0 |
|                       gen_fwft.rdpp1_inst                                         |                               feed_handler_bd_axi_dma_0_0_xpm_counter_updn__parameterized1_22 |          5 |          5 |       0 |    0 |     2 |      0 |      0 |          0 |
|                       gen_sdpram.xpm_memory_base_inst                             |                                                   feed_handler_bd_axi_dma_0_0_xpm_memory_base |          0 |          0 |       0 |    0 |     0 |      1 |      0 |          0 |
|                       rdp_inst                                                    |                               feed_handler_bd_axi_dma_0_0_xpm_counter_updn__parameterized2_23 |         23 |         23 |       0 |    0 |     8 |      0 |      0 |          0 |
|                       rdpp1_inst                                                  |                               feed_handler_bd_axi_dma_0_0_xpm_counter_updn__parameterized3_24 |          7 |          7 |       0 |    0 |     7 |      0 |      0 |          0 |
|                       rst_d1_inst                                                 |                                               feed_handler_bd_axi_dma_0_0_xpm_fifo_reg_bit_25 |          1 |          1 |       0 |    0 |     1 |      0 |      0 |          0 |
|                       wrp_inst                                                    |                               feed_handler_bd_axi_dma_0_0_xpm_counter_updn__parameterized2_26 |         17 |         17 |       0 |    0 |     8 |      0 |      0 |          0 |
|                       wrpp1_inst                                                  |                               feed_handler_bd_axi_dma_0_0_xpm_counter_updn__parameterized3_27 |          6 |          6 |       0 |    0 |     7 |      0 |      0 |          0 |
|                       xpm_fifo_rst_inst                                           |                                                   feed_handler_bd_axi_dma_0_0_xpm_fifo_rst_28 |          2 |          2 |       0 |    0 |     5 |      0 |      0 |          0 |
|               OMIT_DRE_CNTL.I_DRE_CNTL_FIFO                                       |                                feed_handler_bd_axi_dma_0_0_axi_datamover_fifo__parameterized3 |         10 |          8 |       0 |    2 |     6 |      0 |      0 |          0 |
|                 (OMIT_DRE_CNTL.I_DRE_CNTL_FIFO)                                   |                                feed_handler_bd_axi_dma_0_0_axi_datamover_fifo__parameterized3 |          1 |          1 |       0 |    0 |     2 |      0 |      0 |          0 |
|                 USE_SRL_FIFO.I_SYNC_FIFO                                          |                                        feed_handler_bd_axi_dma_0_0_srl_fifo_f__parameterized1 |          9 |          7 |       0 |    2 |     4 |      0 |      0 |          0 |
|                   I_SRL_FIFO_RBU_F                                                |                                    feed_handler_bd_axi_dma_0_0_srl_fifo_rbu_f__parameterized1 |          9 |          7 |       0 |    2 |     4 |      0 |      0 |          0 |
|                     (I_SRL_FIFO_RBU_F)                                            |                                    feed_handler_bd_axi_dma_0_0_srl_fifo_rbu_f__parameterized1 |          2 |          2 |       0 |    0 |     1 |      0 |      0 |          0 |
|                     CNTR_INCR_DECR_ADDN_F_I                                       |                                          feed_handler_bd_axi_dma_0_0_cntr_incr_decr_addn_f_21 |          4 |          4 |       0 |    0 |     3 |      0 |      0 |          0 |
|                     DYNSHREG_F_I                                                  |                                        feed_handler_bd_axi_dma_0_0_dynshreg_f__parameterized1 |          3 |          1 |       0 |    2 |     0 |      0 |      0 |          0 |
|             I_ADDR_CNTL                                                           |                                           feed_handler_bd_axi_dma_0_0_axi_datamover_addr_cntl |         28 |          8 |       0 |   20 |    50 |      0 |      0 |          0 |
|               (I_ADDR_CNTL)                                                       |                                           feed_handler_bd_axi_dma_0_0_axi_datamover_addr_cntl |          1 |          1 |       0 |    0 |    44 |      0 |      0 |          0 |
|               GEN_ADDR_FIFO.I_ADDR_QUAL_FIFO                                      |                             feed_handler_bd_axi_dma_0_0_axi_datamover_fifo__parameterized1_16 |         27 |          7 |       0 |   20 |     6 |      0 |      0 |          0 |
|                 (GEN_ADDR_FIFO.I_ADDR_QUAL_FIFO)                                  |                             feed_handler_bd_axi_dma_0_0_axi_datamover_fifo__parameterized1_16 |          1 |          1 |       0 |    0 |     2 |      0 |      0 |          0 |
|                 USE_SRL_FIFO.I_SYNC_FIFO                                          |                                                     feed_handler_bd_axi_dma_0_0_srl_fifo_f_17 |         26 |          6 |       0 |   20 |     4 |      0 |      0 |          0 |
|                   I_SRL_FIFO_RBU_F                                                |                                                 feed_handler_bd_axi_dma_0_0_srl_fifo_rbu_f_18 |         26 |          6 |       0 |   20 |     4 |      0 |      0 |          0 |
|                     (I_SRL_FIFO_RBU_F)                                            |                                                 feed_handler_bd_axi_dma_0_0_srl_fifo_rbu_f_18 |          0 |          0 |       0 |    0 |     1 |      0 |      0 |          0 |
|                     CNTR_INCR_DECR_ADDN_F_I                                       |                                          feed_handler_bd_axi_dma_0_0_cntr_incr_decr_addn_f_19 |          4 |          4 |       0 |    0 |     3 |      0 |      0 |          0 |
|                     DYNSHREG_F_I                                                  |                                                     feed_handler_bd_axi_dma_0_0_dynshreg_f_20 |         22 |          2 |       0 |   20 |     0 |      0 |      0 |          0 |
|             I_CMD_STATUS                                                          |                                          feed_handler_bd_axi_dma_0_0_axi_datamover_cmd_status |         13 |         13 |       0 |    0 |    68 |      0 |      0 |          0 |
|               GEN_INCLUDE_STATUS_FIFO.I_STS_FIFO                                  |                                feed_handler_bd_axi_dma_0_0_axi_datamover_fifo__parameterized0 |          7 |          7 |       0 |    0 |     6 |      0 |      0 |          0 |
|               I_CMD_FIFO                                                          |                                             feed_handler_bd_axi_dma_0_0_axi_datamover_fifo_15 |          6 |          6 |       0 |    0 |    62 |      0 |      0 |          0 |
|             I_MSTR_PCC                                                            |                                                 feed_handler_bd_axi_dma_0_0_axi_datamover_pcc |        172 |        172 |       0 |    0 |   165 |      0 |      0 |          0 |
|               (I_MSTR_PCC)                                                        |                                                 feed_handler_bd_axi_dma_0_0_axi_datamover_pcc |        171 |        171 |       0 |    0 |   165 |      0 |      0 |          0 |
|               I_STRT_STRB_GEN                                                     |                                           feed_handler_bd_axi_dma_0_0_axi_datamover_strb_gen2 |          1 |          1 |       0 |    0 |     0 |      0 |      0 |          0 |
|             I_RD_DATA_CNTL                                                        |                                         feed_handler_bd_axi_dma_0_0_axi_datamover_rddata_cntl |         63 |         51 |       0 |   12 |    43 |      0 |      0 |          0 |
|               (I_RD_DATA_CNTL)                                                    |                                         feed_handler_bd_axi_dma_0_0_axi_datamover_rddata_cntl |         28 |         28 |       0 |    0 |    37 |      0 |      0 |          0 |
|               GEN_DATA_CNTL_FIFO.I_DATA_CNTL_FIFO                                 |                                feed_handler_bd_axi_dma_0_0_axi_datamover_fifo__parameterized2 |         35 |         23 |       0 |   12 |     6 |      0 |      0 |          0 |
|                 (GEN_DATA_CNTL_FIFO.I_DATA_CNTL_FIFO)                             |                                feed_handler_bd_axi_dma_0_0_axi_datamover_fifo__parameterized2 |          1 |          1 |       0 |    0 |     2 |      0 |      0 |          0 |
|                 USE_SRL_FIFO.I_SYNC_FIFO                                          |                                        feed_handler_bd_axi_dma_0_0_srl_fifo_f__parameterized0 |         34 |         22 |       0 |   12 |     4 |      0 |      0 |          0 |
|                   I_SRL_FIFO_RBU_F                                                |                                    feed_handler_bd_axi_dma_0_0_srl_fifo_rbu_f__parameterized0 |         34 |         22 |       0 |   12 |     4 |      0 |      0 |          0 |
|                     (I_SRL_FIFO_RBU_F)                                            |                                    feed_handler_bd_axi_dma_0_0_srl_fifo_rbu_f__parameterized0 |          0 |          0 |       0 |    0 |     1 |      0 |      0 |          0 |
|                     CNTR_INCR_DECR_ADDN_F_I                                       |                                          feed_handler_bd_axi_dma_0_0_cntr_incr_decr_addn_f_14 |         15 |         15 |       0 |    0 |     3 |      0 |      0 |          0 |
|                     DYNSHREG_F_I                                                  |                                        feed_handler_bd_axi_dma_0_0_dynshreg_f__parameterized0 |         19 |          7 |       0 |   12 |     0 |      0 |      0 |          0 |
|             I_RD_STATUS_CNTLR                                                     |                                      feed_handler_bd_axi_dma_0_0_axi_datamover_rd_status_cntl |          1 |          1 |       0 |    0 |     5 |      0 |      0 |          0 |
|             I_RESET                                                               |                                            feed_handler_bd_axi_dma_0_0_axi_datamover_reset_13 |          2 |          2 |       0 |    0 |     3 |      0 |      0 |          0 |
|           GEN_S2MM_FULL.I_S2MM_FULL_WRAPPER                                       |                                      feed_handler_bd_axi_dma_0_0_axi_datamover_s2mm_full_wrap |        794 |        724 |       8 |   62 |   966 |      1 |      0 |          0 |
|             ENABLE_AXIS_SKID.I_S2MM_STRM_SKID_BUF                                 |                                            feed_handler_bd_axi_dma_0_0_axi_datamover_skid_buf |         18 |         18 |       0 |    0 |    26 |      0 |      0 |          0 |
|             GEN_ENABLE_INDET_BTT_SF.I_INDET_BTT                                   |                                           feed_handler_bd_axi_dma_0_0_axi_datamover_indet_btt |        185 |        177 |       8 |    0 |   241 |      1 |      0 |          0 |
|               (GEN_ENABLE_INDET_BTT_SF.I_INDET_BTT)                               |                                           feed_handler_bd_axi_dma_0_0_axi_datamover_indet_btt |         18 |         18 |       0 |    0 |    62 |      0 |      0 |          0 |
|               ENABLE_AXIS_SKID.I_INDET_BTT_SKID_BUF                               |                            feed_handler_bd_axi_dma_0_0_axi_datamover_skid_buf__parameterized0 |         48 |         48 |       0 |    0 |    86 |      0 |      0 |          0 |
|               I_DATA_FIFO                                                         |                        feed_handler_bd_axi_dma_0_0_axi_datamover_sfifo_autord__parameterized1 |         55 |         55 |       0 |    0 |    39 |      1 |      0 |          0 |
|                 BLK_MEM.I_SYNC_FIFOGEN_FIFO                                       |                                      feed_handler_bd_axi_dma_0_0_sync_fifo_fg__parameterized1 |         55 |         55 |       0 |    0 |    39 |      1 |      0 |          0 |
|                   (BLK_MEM.I_SYNC_FIFOGEN_FIFO)                                   |                                      feed_handler_bd_axi_dma_0_0_sync_fifo_fg__parameterized1 |         12 |         12 |       0 |    0 |     0 |      0 |      0 |          0 |
|                   xpm_fifo_instance.xpm_fifo_sync_inst                            |                                     feed_handler_bd_axi_dma_0_0_xpm_fifo_sync__parameterized3 |         43 |         43 |       0 |    0 |    39 |      1 |      0 |          0 |
|                     xpm_fifo_base_inst                                            |                                     feed_handler_bd_axi_dma_0_0_xpm_fifo_base__parameterized1 |         43 |         43 |       0 |    0 |    39 |      1 |      0 |          0 |
|                       (xpm_fifo_base_inst)                                        |                                     feed_handler_bd_axi_dma_0_0_xpm_fifo_base__parameterized1 |          3 |          3 |       0 |    0 |     5 |      0 |      0 |          0 |
|                       gen_sdpram.xpm_memory_base_inst                             |                                   feed_handler_bd_axi_dma_0_0_xpm_memory_base__parameterized1 |          1 |          1 |       0 |    0 |     0 |      1 |      0 |          0 |
|                       rdp_inst                                                    |                                  feed_handler_bd_axi_dma_0_0_xpm_counter_updn__parameterized2 |         14 |         14 |       0 |    0 |     7 |      0 |      0 |          0 |
|                       rdpp1_inst                                                  |                                  feed_handler_bd_axi_dma_0_0_xpm_counter_updn__parameterized3 |          7 |          7 |       0 |    0 |     7 |      0 |      0 |          0 |
|                       rst_d1_inst                                                 |                                                feed_handler_bd_axi_dma_0_0_xpm_fifo_reg_bit_8 |          1 |          1 |       0 |    0 |     1 |      0 |      0 |          0 |
|                       wrp_inst                                                    |                                feed_handler_bd_axi_dma_0_0_xpm_counter_updn__parameterized2_9 |         10 |         10 |       0 |    0 |     7 |      0 |      0 |          0 |
|                       wrpp1_inst                                                  |                               feed_handler_bd_axi_dma_0_0_xpm_counter_updn__parameterized3_10 |          6 |          6 |       0 |    0 |     7 |      0 |      0 |          0 |
|                       xpm_fifo_rst_inst                                           |                                                   feed_handler_bd_axi_dma_0_0_xpm_fifo_rst_11 |          2 |          2 |       0 |    0 |     5 |      0 |      0 |          0 |
|               I_XD_FIFO                                                           |                        feed_handler_bd_axi_dma_0_0_axi_datamover_sfifo_autord__parameterized0 |         64 |         56 |       8 |    0 |    54 |      0 |      0 |          0 |
|                 NON_BLK_MEM.I_SYNC_FIFOGEN_FIFO                                   |                                      feed_handler_bd_axi_dma_0_0_sync_fifo_fg__parameterized0 |         64 |         56 |       8 |    0 |    54 |      0 |      0 |          0 |
|                   (NON_BLK_MEM.I_SYNC_FIFOGEN_FIFO)                               |                                      feed_handler_bd_axi_dma_0_0_sync_fifo_fg__parameterized0 |         17 |         17 |       0 |    0 |     0 |      0 |      0 |          0 |
|                   xpm_fifo_instance.xpm_fifo_sync_inst                            |                                     feed_handler_bd_axi_dma_0_0_xpm_fifo_sync__parameterized1 |         47 |         39 |       8 |    0 |    54 |      0 |      0 |          0 |
|                     xpm_fifo_base_inst                                            |                                     feed_handler_bd_axi_dma_0_0_xpm_fifo_base__parameterized0 |         47 |         39 |       8 |    0 |    54 |      0 |      0 |          0 |
|                       (xpm_fifo_base_inst)                                        |                                     feed_handler_bd_axi_dma_0_0_xpm_fifo_base__parameterized0 |          3 |          3 |       0 |    0 |    10 |      0 |      0 |          0 |
|                       gen_fwft.rdpp1_inst                                         |                                  feed_handler_bd_axi_dma_0_0_xpm_counter_updn__parameterized1 |          4 |          4 |       0 |    0 |     2 |      0 |      0 |          0 |
|                       gen_sdpram.xpm_memory_base_inst                             |                                   feed_handler_bd_axi_dma_0_0_xpm_memory_base__parameterized0 |          8 |          0 |       8 |    0 |    18 |      0 |      0 |          0 |
|                       rdp_inst                                                    |                                  feed_handler_bd_axi_dma_0_0_xpm_counter_updn__parameterized6 |         11 |         11 |       0 |    0 |     5 |      0 |      0 |          0 |
|                       rdpp1_inst                                                  |                                  feed_handler_bd_axi_dma_0_0_xpm_counter_updn__parameterized7 |          3 |          3 |       0 |    0 |     4 |      0 |      0 |          0 |
|                       rst_d1_inst                                                 |                                                  feed_handler_bd_axi_dma_0_0_xpm_fifo_reg_bit |          1 |          1 |       0 |    0 |     1 |      0 |      0 |          0 |
|                       wrp_inst                                                    |                                feed_handler_bd_axi_dma_0_0_xpm_counter_updn__parameterized6_6 |         12 |         12 |       0 |    0 |     5 |      0 |      0 |          0 |
|                       wrpp1_inst                                                  |                                feed_handler_bd_axi_dma_0_0_xpm_counter_updn__parameterized7_7 |          3 |          3 |       0 |    0 |     4 |      0 |      0 |          0 |
|                       xpm_fifo_rst_inst                                           |                                                      feed_handler_bd_axi_dma_0_0_xpm_fifo_rst |          2 |          2 |       0 |    0 |     5 |      0 |      0 |          0 |
|             GEN_INCLUDE_IBTTCC.I_S2MM_MSTR_IBTTCC                                 |                                              feed_handler_bd_axi_dma_0_0_axi_datamover_ibttcc |        160 |        160 |       0 |    0 |   245 |      0 |      0 |          0 |
|             GEN_INCLUDE_REALIGNER.I_S2MM_REALIGNER                                |                                        feed_handler_bd_axi_dma_0_0_axi_datamover_s2mm_realign |        205 |        186 |       0 |   19 |   114 |      0 |      0 |          0 |
|               (GEN_INCLUDE_REALIGNER.I_S2MM_REALIGNER)                            |                                        feed_handler_bd_axi_dma_0_0_axi_datamover_s2mm_realign |          0 |          0 |       0 |    0 |     9 |      0 |      0 |          0 |
|               GEN_INCLUDE_SCATTER.I_S2MM_SCATTER                                  |                                        feed_handler_bd_axi_dma_0_0_axi_datamover_s2mm_scatter |        175 |        172 |       0 |    3 |    99 |      0 |      0 |          0 |
|                 (GEN_INCLUDE_SCATTER.I_S2MM_SCATTER)                              |                                        feed_handler_bd_axi_dma_0_0_axi_datamover_s2mm_scatter |         65 |         65 |       0 |    0 |    57 |      0 |      0 |          0 |
|                 I_MSSAI_SKID_BUF                                                  |                                      feed_handler_bd_axi_dma_0_0_axi_datamover_mssai_skid_buf |         68 |         68 |       0 |    0 |    27 |      0 |      0 |          0 |
|                 I_TSTRB_FIFO                                                      |                                feed_handler_bd_axi_dma_0_0_axi_datamover_fifo__parameterized8 |         27 |         24 |       0 |    3 |    10 |      0 |      0 |          0 |
|                   (I_TSTRB_FIFO)                                                  |                                feed_handler_bd_axi_dma_0_0_axi_datamover_fifo__parameterized8 |          2 |          2 |       0 |    0 |     4 |      0 |      0 |          0 |
|                   USE_SRL_FIFO.I_SYNC_FIFO                                        |                                        feed_handler_bd_axi_dma_0_0_srl_fifo_f__parameterized5 |         25 |         22 |       0 |    3 |     6 |      0 |      0 |          0 |
|                     I_SRL_FIFO_RBU_F                                              |                                    feed_handler_bd_axi_dma_0_0_srl_fifo_rbu_f__parameterized5 |         25 |         22 |       0 |    3 |     6 |      0 |      0 |          0 |
|                       (I_SRL_FIFO_RBU_F)                                          |                                    feed_handler_bd_axi_dma_0_0_srl_fifo_rbu_f__parameterized5 |          0 |          0 |       0 |    0 |     1 |      0 |      0 |          0 |
|                       CNTR_INCR_DECR_ADDN_F_I                                     |                             feed_handler_bd_axi_dma_0_0_cntr_incr_decr_addn_f__parameterized1 |         11 |         11 |       0 |    0 |     5 |      0 |      0 |          0 |
|                       DYNSHREG_F_I                                                |                                        feed_handler_bd_axi_dma_0_0_dynshreg_f__parameterized5 |         14 |         11 |       0 |    3 |     0 |      0 |      0 |          0 |
|                 SLICE_INSERTION                                                   |                                               feed_handler_bd_axi_dma_0_0_axi_datamover_slice |         15 |         15 |       0 |    0 |     5 |      0 |      0 |          0 |
|               I_DRE_CNTL_FIFO                                                     |                                feed_handler_bd_axi_dma_0_0_axi_datamover_fifo__parameterized7 |         30 |         14 |       0 |   16 |     6 |      0 |      0 |          0 |
|                 (I_DRE_CNTL_FIFO)                                                 |                                feed_handler_bd_axi_dma_0_0_axi_datamover_fifo__parameterized7 |          1 |          1 |       0 |    0 |     2 |      0 |      0 |          0 |
|                 USE_SRL_FIFO.I_SYNC_FIFO                                          |                                        feed_handler_bd_axi_dma_0_0_srl_fifo_f__parameterized4 |         29 |         13 |       0 |   16 |     4 |      0 |      0 |          0 |
|                   I_SRL_FIFO_RBU_F                                                |                                    feed_handler_bd_axi_dma_0_0_srl_fifo_rbu_f__parameterized4 |         29 |         13 |       0 |   16 |     4 |      0 |      0 |          0 |
|                     (I_SRL_FIFO_RBU_F)                                            |                                    feed_handler_bd_axi_dma_0_0_srl_fifo_rbu_f__parameterized4 |          0 |          0 |       0 |    0 |     1 |      0 |      0 |          0 |
|                     CNTR_INCR_DECR_ADDN_F_I                                       |                                           feed_handler_bd_axi_dma_0_0_cntr_incr_decr_addn_f_5 |          9 |          9 |       0 |    0 |     3 |      0 |      0 |          0 |
|                     DYNSHREG_F_I                                                  |                                        feed_handler_bd_axi_dma_0_0_dynshreg_f__parameterized4 |         20 |          4 |       0 |   16 |     0 |      0 |      0 |          0 |
|             I_ADDR_CNTL                                                           |                           feed_handler_bd_axi_dma_0_0_axi_datamover_addr_cntl__parameterized0 |         30 |         10 |       0 |   20 |    50 |      0 |      0 |          0 |
|               (I_ADDR_CNTL)                                                       |                           feed_handler_bd_axi_dma_0_0_axi_datamover_addr_cntl__parameterized0 |          1 |          1 |       0 |    0 |    44 |      0 |      0 |          0 |
|               GEN_ADDR_FIFO.I_ADDR_QUAL_FIFO                                      |                                feed_handler_bd_axi_dma_0_0_axi_datamover_fifo__parameterized1 |         29 |          9 |       0 |   20 |     6 |      0 |      0 |          0 |
|                 (GEN_ADDR_FIFO.I_ADDR_QUAL_FIFO)                                  |                                feed_handler_bd_axi_dma_0_0_axi_datamover_fifo__parameterized1 |          1 |          1 |       0 |    0 |     2 |      0 |      0 |          0 |
|                 USE_SRL_FIFO.I_SYNC_FIFO                                          |                                                        feed_handler_bd_axi_dma_0_0_srl_fifo_f |         28 |          8 |       0 |   20 |     4 |      0 |      0 |          0 |
|                   I_SRL_FIFO_RBU_F                                                |                                                    feed_handler_bd_axi_dma_0_0_srl_fifo_rbu_f |         28 |          8 |       0 |   20 |     4 |      0 |      0 |          0 |
|                     (I_SRL_FIFO_RBU_F)                                            |                                                    feed_handler_bd_axi_dma_0_0_srl_fifo_rbu_f |          0 |          0 |       0 |    0 |     1 |      0 |      0 |          0 |
|                     CNTR_INCR_DECR_ADDN_F_I                                       |                                           feed_handler_bd_axi_dma_0_0_cntr_incr_decr_addn_f_4 |          6 |          6 |       0 |    0 |     3 |      0 |      0 |          0 |
|                     DYNSHREG_F_I                                                  |                                                        feed_handler_bd_axi_dma_0_0_dynshreg_f |         22 |          2 |       0 |   20 |     0 |      0 |      0 |          0 |
|             I_CMD_STATUS                                                          |                          feed_handler_bd_axi_dma_0_0_axi_datamover_cmd_status__parameterized0 |         28 |         28 |       0 |    0 |    93 |      0 |      0 |          0 |
|               GEN_INCLUDE_STATUS_FIFO.I_STS_FIFO                                  |                                feed_handler_bd_axi_dma_0_0_axi_datamover_fifo__parameterized4 |         17 |         17 |       0 |    0 |    31 |      0 |      0 |          0 |
|               I_CMD_FIFO                                                          |                                                feed_handler_bd_axi_dma_0_0_axi_datamover_fifo |         11 |         11 |       0 |    0 |    62 |      0 |      0 |          0 |
|             I_RESET                                                               |                                               feed_handler_bd_axi_dma_0_0_axi_datamover_reset |          2 |          2 |       0 |    0 |     3 |      0 |      0 |          0 |
|             I_S2MM_MMAP_SKID_BUF                                                  |                                         feed_handler_bd_axi_dma_0_0_axi_datamover_skid2mm_buf |         36 |         36 |       0 |    0 |    78 |      0 |      0 |          0 |
|             I_WR_DATA_CNTL                                                        |                                         feed_handler_bd_axi_dma_0_0_axi_datamover_wrdata_cntl |         84 |         77 |       0 |    7 |    59 |      0 |      0 |          0 |
|               (I_WR_DATA_CNTL)                                                    |                                         feed_handler_bd_axi_dma_0_0_axi_datamover_wrdata_cntl |         50 |         50 |       0 |    0 |    53 |      0 |      0 |          0 |
|               GEN_DATA_CNTL_FIFO.I_DATA_CNTL_FIFO                                 |                                feed_handler_bd_axi_dma_0_0_axi_datamover_fifo__parameterized9 |         34 |         27 |       0 |    7 |     6 |      0 |      0 |          0 |
|                 (GEN_DATA_CNTL_FIFO.I_DATA_CNTL_FIFO)                             |                                feed_handler_bd_axi_dma_0_0_axi_datamover_fifo__parameterized9 |          1 |          1 |       0 |    0 |     2 |      0 |      0 |          0 |
|                 USE_SRL_FIFO.I_SYNC_FIFO                                          |                                        feed_handler_bd_axi_dma_0_0_srl_fifo_f__parameterized6 |         33 |         26 |       0 |    7 |     4 |      0 |      0 |          0 |
|                   I_SRL_FIFO_RBU_F                                                |                                    feed_handler_bd_axi_dma_0_0_srl_fifo_rbu_f__parameterized6 |         33 |         26 |       0 |    7 |     4 |      0 |      0 |          0 |
|                     (I_SRL_FIFO_RBU_F)                                            |                                    feed_handler_bd_axi_dma_0_0_srl_fifo_rbu_f__parameterized6 |          0 |          0 |       0 |    0 |     1 |      0 |      0 |          0 |
|                     CNTR_INCR_DECR_ADDN_F_I                                       |                                             feed_handler_bd_axi_dma_0_0_cntr_incr_decr_addn_f |         15 |         15 |       0 |    0 |     3 |      0 |      0 |          0 |
|                     DYNSHREG_F_I                                                  |                                        feed_handler_bd_axi_dma_0_0_dynshreg_f__parameterized6 |         18 |         11 |       0 |    7 |     0 |      0 |      0 |          0 |
|             I_WR_STATUS_CNTLR                                                     |                                      feed_handler_bd_axi_dma_0_0_axi_datamover_wr_status_cntl |         55 |         39 |       0 |   16 |    57 |      0 |      0 |          0 |
|               (I_WR_STATUS_CNTLR)                                                 |                                      feed_handler_bd_axi_dma_0_0_axi_datamover_wr_status_cntl |          8 |          8 |       0 |    0 |    43 |      0 |      0 |          0 |
|               GEN_ENABLE_INDET_BTT.I_SF_DATA_CNTL_STATUS_FIFO                     |                                feed_handler_bd_axi_dma_0_0_axi_datamover_fifo__parameterized6 |         30 |         16 |       0 |   14 |     7 |      0 |      0 |          0 |
|                 (GEN_ENABLE_INDET_BTT.I_SF_DATA_CNTL_STATUS_FIFO)                 |                                feed_handler_bd_axi_dma_0_0_axi_datamover_fifo__parameterized6 |          1 |          1 |       0 |    0 |     2 |      0 |      0 |          0 |
|                 USE_SRL_FIFO.I_SYNC_FIFO                                          |                                        feed_handler_bd_axi_dma_0_0_srl_fifo_f__parameterized3 |         29 |         15 |       0 |   14 |     5 |      0 |      0 |          0 |
|                   I_SRL_FIFO_RBU_F                                                |                                    feed_handler_bd_axi_dma_0_0_srl_fifo_rbu_f__parameterized3 |         29 |         15 |       0 |   14 |     5 |      0 |      0 |          0 |
|                     (I_SRL_FIFO_RBU_F)                                            |                                    feed_handler_bd_axi_dma_0_0_srl_fifo_rbu_f__parameterized3 |          1 |          1 |       0 |    0 |     1 |      0 |      0 |          0 |
|                     CNTR_INCR_DECR_ADDN_F_I                                       |                           feed_handler_bd_axi_dma_0_0_cntr_incr_decr_addn_f__parameterized0_3 |         10 |         10 |       0 |    0 |     4 |      0 |      0 |          0 |
|                     DYNSHREG_F_I                                                  |                                        feed_handler_bd_axi_dma_0_0_dynshreg_f__parameterized3 |         18 |          4 |       0 |   14 |     0 |      0 |      0 |          0 |
|               I_WRESP_STATUS_FIFO                                                 |                                feed_handler_bd_axi_dma_0_0_axi_datamover_fifo__parameterized5 |         17 |         15 |       0 |    2 |     7 |      0 |      0 |          0 |
|                 (I_WRESP_STATUS_FIFO)                                             |                                feed_handler_bd_axi_dma_0_0_axi_datamover_fifo__parameterized5 |          1 |          1 |       0 |    0 |     2 |      0 |      0 |          0 |
|                 USE_SRL_FIFO.I_SYNC_FIFO                                          |                                        feed_handler_bd_axi_dma_0_0_srl_fifo_f__parameterized2 |         16 |         14 |       0 |    2 |     5 |      0 |      0 |          0 |
|                   I_SRL_FIFO_RBU_F                                                |                                    feed_handler_bd_axi_dma_0_0_srl_fifo_rbu_f__parameterized2 |         16 |         14 |       0 |    2 |     5 |      0 |      0 |          0 |
|                     (I_SRL_FIFO_RBU_F)                                            |                                    feed_handler_bd_axi_dma_0_0_srl_fifo_rbu_f__parameterized2 |          5 |          5 |       0 |    0 |     1 |      0 |      0 |          0 |
|                     CNTR_INCR_DECR_ADDN_F_I                                       |                             feed_handler_bd_axi_dma_0_0_cntr_incr_decr_addn_f__parameterized0 |          6 |          6 |       0 |    0 |     4 |      0 |      0 |          0 |
|                     DYNSHREG_F_I                                                  |                                        feed_handler_bd_axi_dma_0_0_dynshreg_f__parameterized2 |          5 |          3 |       0 |    2 |     0 |      0 |      0 |          0 |
|         I_RST_MODULE                                                              |                                                feed_handler_bd_axi_dma_0_0_axi_dma_rst_module |         18 |         18 |       0 |    0 |    38 |      0 |      0 |          0 |
|           (I_RST_MODULE)                                                          |                                                feed_handler_bd_axi_dma_0_0_axi_dma_rst_module |          3 |          3 |       0 |    0 |     2 |      0 |      0 |          0 |
|           GEN_RESET_FOR_MM2S.RESET_I                                              |                                                     feed_handler_bd_axi_dma_0_0_axi_dma_reset |          9 |          9 |       0 |    0 |    15 |      0 |      0 |          0 |
|           GEN_RESET_FOR_S2MM.RESET_I                                              |                                                   feed_handler_bd_axi_dma_0_0_axi_dma_reset_1 |          6 |          6 |       0 |    0 |    13 |      0 |      0 |          0 |
|           REG_HRD_RST                                                             |                                                          feed_handler_bd_axi_dma_0_0_cdc_sync |          0 |          0 |       0 |    0 |     4 |      0 |      0 |          0 |
|           REG_HRD_RST_OUT                                                         |                                                        feed_handler_bd_axi_dma_0_0_cdc_sync_2 |          0 |          0 |       0 |    0 |     4 |      0 |      0 |          0 |
|     axi_mem_intercon                                                              |                                                            feed_handler_bd_axi_mem_intercon_0 |       1046 |        990 |      10 |   46 |  1102 |      0 |      0 |          0 |
|       m00_couplers                                                                |                                                                      m00_couplers_imp_1SO513F |        360 |        350 |      10 |    0 |   384 |      0 |      0 |          0 |
|         auto_pc                                                                   |                                                                     feed_handler_bd_auto_pc_1 |        360 |        350 |      10 |    0 |   384 |      0 |      0 |          0 |
|           (auto_pc)                                                               |                                                                     feed_handler_bd_auto_pc_1 |          0 |          0 |       0 |    0 |     0 |      0 |      0 |          0 |
|           inst                                                                    |               feed_handler_bd_auto_pc_1_axi_protocol_converter_v2_1_31_axi_protocol_converter |        360 |        350 |      10 |    0 |   384 |      0 |      0 |          0 |
|             gen_axi4_axi3.axi3_conv_inst                                          |                            feed_handler_bd_auto_pc_1_axi_protocol_converter_v2_1_31_axi3_conv |        360 |        350 |      10 |    0 |   384 |      0 |      0 |          0 |
|               USE_READ.USE_SPLIT_R.read_addr_inst                                 |          feed_handler_bd_auto_pc_1_axi_protocol_converter_v2_1_31_a_axi3_conv__parameterized0 |        140 |        138 |       2 |    0 |   151 |      0 |      0 |          0 |
|                 (USE_READ.USE_SPLIT_R.read_addr_inst)                             |          feed_handler_bd_auto_pc_1_axi_protocol_converter_v2_1_31_a_axi3_conv__parameterized0 |         86 |         86 |       0 |    0 |   113 |      0 |      0 |          0 |
|                 USE_R_CHANNEL.cmd_queue                                           |                     feed_handler_bd_auto_pc_1_axi_data_fifo_v2_1_30_axic_fifo__parameterized0 |         55 |         53 |       2 |    0 |    38 |      0 |      0 |          0 |
|                   inst                                                            |                      feed_handler_bd_auto_pc_1_axi_data_fifo_v2_1_30_fifo_gen__parameterized0 |         55 |         53 |       2 |    0 |    38 |      0 |      0 |          0 |
|                     (inst)                                                        |                      feed_handler_bd_auto_pc_1_axi_data_fifo_v2_1_30_fifo_gen__parameterized0 |         24 |         24 |       0 |    0 |     0 |      0 |      0 |          0 |
|                     fifo_gen_inst                                                 |                             feed_handler_bd_auto_pc_1_fifo_generator_v13_2_10__parameterized0 |         31 |         29 |       2 |    0 |    38 |      0 |      0 |          0 |
|                       inst_fifo_gen                                               |                       feed_handler_bd_auto_pc_1_fifo_generator_v13_2_10_synth__parameterized0 |         31 |         29 |       2 |    0 |    38 |      0 |      0 |          0 |
|                         gconvfifo.rf                                              |                                  feed_handler_bd_auto_pc_1_fifo_generator_top__parameterized0 |         31 |         29 |       2 |    0 |    38 |      0 |      0 |          0 |
|                           grf.rf                                                  |                              feed_handler_bd_auto_pc_1_fifo_generator_ramfifo__parameterized0 |         31 |         29 |       2 |    0 |    38 |      0 |      0 |          0 |
|                             gntv_or_sync_fifo.gl0.rd                              |                                                          feed_handler_bd_auto_pc_1_rd_logic_9 |         10 |         10 |       0 |    0 |    20 |      0 |      0 |          0 |
|                               gr1.gr1_int.rfwft                                   |                                                          feed_handler_bd_auto_pc_1_rd_fwft_13 |          7 |          7 |       0 |    0 |     8 |      0 |      0 |          0 |
|                               grss.rsts                                           |                                               feed_handler_bd_auto_pc_1_rd_status_flags_ss_14 |          0 |          0 |       0 |    0 |     2 |      0 |      0 |          0 |
|                               rpntr                                               |                                                      feed_handler_bd_auto_pc_1_rd_bin_cntr_15 |          3 |          3 |       0 |    0 |    10 |      0 |      0 |          0 |
|                             gntv_or_sync_fifo.gl0.wr                              |                                                         feed_handler_bd_auto_pc_1_wr_logic_10 |         14 |         14 |       0 |    0 |    12 |      0 |      0 |          0 |
|                               gwss.wsts                                           |                                               feed_handler_bd_auto_pc_1_wr_status_flags_ss_11 |          2 |          2 |       0 |    0 |     2 |      0 |      0 |          0 |
|                               wpntr                                               |                                                      feed_handler_bd_auto_pc_1_wr_bin_cntr_12 |         12 |         12 |       0 |    0 |    10 |      0 |      0 |          0 |
|                             gntv_or_sync_fifo.mem                                 |                                              feed_handler_bd_auto_pc_1_memory__parameterized0 |          3 |          1 |       2 |    0 |     2 |      0 |      0 |          0 |
|                               (gntv_or_sync_fifo.mem)                             |                                              feed_handler_bd_auto_pc_1_memory__parameterized0 |          0 |          0 |       0 |    0 |     1 |      0 |      0 |          0 |
|                               gdm.dm_gen.dm                                       |                                                feed_handler_bd_auto_pc_1_dmem__parameterized0 |          3 |          1 |       2 |    0 |     1 |      0 |      0 |          0 |
|                             rstblk                                                |                                                   feed_handler_bd_auto_pc_1_reset_blk_ramfifo |          4 |          4 |       0 |    0 |     4 |      0 |      0 |          0 |
|                               (rstblk)                                            |                                                   feed_handler_bd_auto_pc_1_reset_blk_ramfifo |          4 |          4 |       0 |    0 |     2 |      0 |      0 |          0 |
|                               ngwrdrst.grst.g7serrst.gnsckt_wrst.rst_wr_reg2_inst |                                                   feed_handler_bd_auto_pc_1_xpm_cdc_async_rst |          0 |          0 |       0 |    0 |     2 |      0 |      0 |          0 |
|               USE_WRITE.USE_SPLIT_W.write_resp_inst                               |                          feed_handler_bd_auto_pc_1_axi_protocol_converter_v2_1_31_b_downsizer |          9 |          9 |       0 |    0 |     7 |      0 |      0 |          0 |
|               USE_WRITE.write_addr_inst                                           |                          feed_handler_bd_auto_pc_1_axi_protocol_converter_v2_1_31_a_axi3_conv |        195 |        187 |       8 |    0 |   217 |      0 |      0 |          0 |
|                 (USE_WRITE.write_addr_inst)                                       |                          feed_handler_bd_auto_pc_1_axi_protocol_converter_v2_1_31_a_axi3_conv |         86 |         86 |       0 |    0 |   125 |      0 |      0 |          0 |
|                 USE_BURSTS.cmd_queue                                              |                          feed_handler_bd_auto_pc_1_axi_data_fifo_v2_1_30_axic_fifo__xdcDup__1 |         60 |         56 |       4 |    0 |    46 |      0 |      0 |          0 |
|                   inst                                                            |                           feed_handler_bd_auto_pc_1_axi_data_fifo_v2_1_30_fifo_gen__xdcDup__1 |         60 |         56 |       4 |    0 |    46 |      0 |      0 |          0 |
|                     (inst)                                                        |                           feed_handler_bd_auto_pc_1_axi_data_fifo_v2_1_30_fifo_gen__xdcDup__1 |         27 |         27 |       0 |    0 |     0 |      0 |      0 |          0 |
|                     fifo_gen_inst                                                 |                                  feed_handler_bd_auto_pc_1_fifo_generator_v13_2_10__xdcDup__1 |         33 |         29 |       4 |    0 |    46 |      0 |      0 |          0 |
|                       inst_fifo_gen                                               |                            feed_handler_bd_auto_pc_1_fifo_generator_v13_2_10_synth__xdcDup__1 |         33 |         29 |       4 |    0 |    46 |      0 |      0 |          0 |
|                         gconvfifo.rf                                              |                                       feed_handler_bd_auto_pc_1_fifo_generator_top__xdcDup__1 |         33 |         29 |       4 |    0 |    46 |      0 |      0 |          0 |
|                           grf.rf                                                  |                                   feed_handler_bd_auto_pc_1_fifo_generator_ramfifo__xdcDup__1 |         33 |         29 |       4 |    0 |    46 |      0 |      0 |          0 |
|                             gntv_or_sync_fifo.gl0.rd                              |                                                          feed_handler_bd_auto_pc_1_rd_logic_0 |         10 |         10 |       0 |    0 |    20 |      0 |      0 |          0 |
|                               gr1.gr1_int.rfwft                                   |                                                           feed_handler_bd_auto_pc_1_rd_fwft_6 |          7 |          7 |       0 |    0 |     8 |      0 |      0 |          0 |
|                               grss.rsts                                           |                                                feed_handler_bd_auto_pc_1_rd_status_flags_ss_7 |          0 |          0 |       0 |    0 |     2 |      0 |      0 |          0 |
|                               rpntr                                               |                                                       feed_handler_bd_auto_pc_1_rd_bin_cntr_8 |          3 |          3 |       0 |    0 |    10 |      0 |      0 |          0 |
|                             gntv_or_sync_fifo.gl0.wr                              |                                                          feed_handler_bd_auto_pc_1_wr_logic_1 |         14 |         14 |       0 |    0 |    12 |      0 |      0 |          0 |
|                               gwss.wsts                                           |                                                feed_handler_bd_auto_pc_1_wr_status_flags_ss_4 |          2 |          2 |       0 |    0 |     2 |      0 |      0 |          0 |
|                               wpntr                                               |                                                       feed_handler_bd_auto_pc_1_wr_bin_cntr_5 |         12 |         12 |       0 |    0 |    10 |      0 |      0 |          0 |
|                             gntv_or_sync_fifo.mem                                 |                                                            feed_handler_bd_auto_pc_1_memory_2 |          4 |          0 |       4 |    0 |    10 |      0 |      0 |          0 |
|                               (gntv_or_sync_fifo.mem)                             |                                                            feed_handler_bd_auto_pc_1_memory_2 |          0 |          0 |       0 |    0 |     5 |      0 |      0 |          0 |
|                               gdm.dm_gen.dm                                       |                                                              feed_handler_bd_auto_pc_1_dmem_3 |          4 |          0 |       4 |    0 |     5 |      0 |      0 |          0 |
|                             rstblk                                                |                                        feed_handler_bd_auto_pc_1_reset_blk_ramfifo__xdcDup__1 |          5 |          5 |       0 |    0 |     4 |      0 |      0 |          0 |
|                               (rstblk)                                            |                                        feed_handler_bd_auto_pc_1_reset_blk_ramfifo__xdcDup__1 |          5 |          5 |       0 |    0 |     2 |      0 |      0 |          0 |
|                               ngwrdrst.grst.g7serrst.gnsckt_wrst.rst_wr_reg2_inst |                                                feed_handler_bd_auto_pc_1_xpm_cdc_async_rst__3 |          0 |          0 |       0 |    0 |     2 |      0 |      0 |          0 |
|                 USE_B_CHANNEL.cmd_b_queue                                         |                                     feed_handler_bd_auto_pc_1_axi_data_fifo_v2_1_30_axic_fifo |         49 |         45 |       4 |    0 |    46 |      0 |      0 |          0 |
|                   inst                                                            |                                      feed_handler_bd_auto_pc_1_axi_data_fifo_v2_1_30_fifo_gen |         49 |         45 |       4 |    0 |    46 |      0 |      0 |          0 |
|                     (inst)                                                        |                                      feed_handler_bd_auto_pc_1_axi_data_fifo_v2_1_30_fifo_gen |         17 |         17 |       0 |    0 |     0 |      0 |      0 |          0 |
|                     fifo_gen_inst                                                 |                                             feed_handler_bd_auto_pc_1_fifo_generator_v13_2_10 |         32 |         28 |       4 |    0 |    46 |      0 |      0 |          0 |
|                       inst_fifo_gen                                               |                                       feed_handler_bd_auto_pc_1_fifo_generator_v13_2_10_synth |         32 |         28 |       4 |    0 |    46 |      0 |      0 |          0 |
|                         gconvfifo.rf                                              |                                                  feed_handler_bd_auto_pc_1_fifo_generator_top |         32 |         28 |       4 |    0 |    46 |      0 |      0 |          0 |
|                           grf.rf                                                  |                                              feed_handler_bd_auto_pc_1_fifo_generator_ramfifo |         32 |         28 |       4 |    0 |    46 |      0 |      0 |          0 |
|                             gntv_or_sync_fifo.gl0.rd                              |                                                            feed_handler_bd_auto_pc_1_rd_logic |         10 |         10 |       0 |    0 |    20 |      0 |      0 |          0 |
|                               gr1.gr1_int.rfwft                                   |                                                             feed_handler_bd_auto_pc_1_rd_fwft |          7 |          7 |       0 |    0 |     8 |      0 |      0 |          0 |
|                               grss.rsts                                           |                                                  feed_handler_bd_auto_pc_1_rd_status_flags_ss |          0 |          0 |       0 |    0 |     2 |      0 |      0 |          0 |
|                               rpntr                                               |                                                         feed_handler_bd_auto_pc_1_rd_bin_cntr |          3 |          3 |       0 |    0 |    10 |      0 |      0 |          0 |
|                             gntv_or_sync_fifo.gl0.wr                              |                                                            feed_handler_bd_auto_pc_1_wr_logic |         13 |         13 |       0 |    0 |    12 |      0 |      0 |          0 |
|                               gwss.wsts                                           |                                                  feed_handler_bd_auto_pc_1_wr_status_flags_ss |          2 |          2 |       0 |    0 |     2 |      0 |      0 |          0 |
|                               wpntr                                               |                                                         feed_handler_bd_auto_pc_1_wr_bin_cntr |         11 |         11 |       0 |    0 |    10 |      0 |      0 |          0 |
|                             gntv_or_sync_fifo.mem                                 |                                                              feed_handler_bd_auto_pc_1_memory |          4 |          0 |       4 |    0 |    10 |      0 |      0 |          0 |
|                               (gntv_or_sync_fifo.mem)                             |                                                              feed_handler_bd_auto_pc_1_memory |          0 |          0 |       0 |    0 |     5 |      0 |      0 |          0 |
|                               gdm.dm_gen.dm                                       |                                                                feed_handler_bd_auto_pc_1_dmem |          4 |          0 |       4 |    0 |     5 |      0 |      0 |          0 |
|                             rstblk                                                |                                        feed_handler_bd_auto_pc_1_reset_blk_ramfifo__xdcDup__2 |          5 |          5 |       0 |    0 |     4 |      0 |      0 |          0 |
|                               (rstblk)                                            |                                        feed_handler_bd_auto_pc_1_reset_blk_ramfifo__xdcDup__2 |          5 |          5 |       0 |    0 |     2 |      0 |      0 |          0 |
|                               ngwrdrst.grst.g7serrst.gnsckt_wrst.rst_wr_reg2_inst |                                                feed_handler_bd_auto_pc_1_xpm_cdc_async_rst__4 |          0 |          0 |       0 |    0 |     2 |      0 |      0 |          0 |
|               USE_WRITE.write_data_inst                                           |                          feed_handler_bd_auto_pc_1_axi_protocol_converter_v2_1_31_w_axi3_conv |         17 |         17 |       0 |    0 |     9 |      0 |      0 |          0 |
|       s00_couplers                                                                |                                                                      s00_couplers_imp_1JZ38IB |        175 |        154 |       0 |   21 |   228 |      0 |      0 |          0 |
|         auto_us                                                                   |                                                                     feed_handler_bd_auto_us_0 |        175 |        154 |       0 |   21 |   228 |      0 |      0 |          0 |
|           inst                                                                    |                                    feed_handler_bd_auto_us_0_axi_dwidth_converter_v2_1_31_top |        175 |        154 |       0 |   21 |   228 |      0 |      0 |          0 |
|             gen_upsizer.gen_full_upsizer.axi_upsizer_inst                         |                            feed_handler_bd_auto_us_0_axi_dwidth_converter_v2_1_31_axi_upsizer |        175 |        154 |       0 |   21 |   228 |      0 |      0 |          0 |
|               USE_READ.gen_non_fifo_r_upsizer.mi_register_slice_inst              |                       feed_handler_bd_auto_us_0_axi_register_slice_v2_1_31_axi_register_slice |         37 |         37 |       0 |    0 |   136 |      0 |      0 |          0 |
|                 r.r_pipe                                                          |      feed_handler_bd_auto_us_0_axi_register_slice_v2_1_31_axic_register_slice__parameterized2 |         37 |         37 |       0 |    0 |   136 |      0 |      0 |          0 |
|               USE_READ.gen_non_fifo_r_upsizer.read_data_inst                      |                              feed_handler_bd_auto_us_0_axi_dwidth_converter_v2_1_31_r_upsizer |         57 |         57 |       0 |    0 |    18 |      0 |      0 |          0 |
|               USE_READ.read_addr_inst                                             |                              feed_handler_bd_auto_us_0_axi_dwidth_converter_v2_1_31_a_upsizer |         51 |         30 |       0 |   21 |    30 |      0 |      0 |          0 |
|                 (USE_READ.read_addr_inst)                                         |                              feed_handler_bd_auto_us_0_axi_dwidth_converter_v2_1_31_a_upsizer |          0 |          0 |       0 |    0 |     1 |      0 |      0 |          0 |
|                 GEN_CMD_QUEUE.cmd_queue                                           |                              feed_handler_bd_auto_us_0_generic_baseblocks_v2_1_2_command_fifo |         51 |         30 |       0 |   21 |    29 |      0 |      0 |          0 |
|               si_register_slice_inst                                              |       feed_handler_bd_auto_us_0_axi_register_slice_v2_1_31_axi_register_slice__parameterized0 |         31 |         31 |       0 |    0 |    44 |      0 |      0 |          0 |
|                 ar.ar_pipe                                                        |                      feed_handler_bd_auto_us_0_axi_register_slice_v2_1_31_axic_register_slice |         31 |         31 |       0 |    0 |    44 |      0 |      0 |          0 |
|       s01_couplers                                                                |                                                                       s01_couplers_imp_U0XK9P |        201 |        179 |       0 |   22 |   166 |      0 |      0 |          0 |
|         auto_us                                                                   |                                                                     feed_handler_bd_auto_us_1 |        201 |        179 |       0 |   22 |   166 |      0 |      0 |          0 |
|           inst                                                                    |                                    feed_handler_bd_auto_us_1_axi_dwidth_converter_v2_1_31_top |        201 |        179 |       0 |   22 |   166 |      0 |      0 |          0 |
|             gen_upsizer.gen_full_upsizer.axi_upsizer_inst                         |                            feed_handler_bd_auto_us_1_axi_dwidth_converter_v2_1_31_axi_upsizer |        201 |        179 |       0 |   22 |   166 |      0 |      0 |          0 |
|               USE_WRITE.gen_non_fifo_w_upsizer.write_data_inst                    |                              feed_handler_bd_auto_us_1_axi_dwidth_converter_v2_1_31_w_upsizer |        103 |        103 |       0 |    0 |    90 |      0 |      0 |          0 |
|               USE_WRITE.write_addr_inst                                           |                              feed_handler_bd_auto_us_1_axi_dwidth_converter_v2_1_31_a_upsizer |         59 |         37 |       0 |   22 |    31 |      0 |      0 |          0 |
|                 (USE_WRITE.write_addr_inst)                                       |                              feed_handler_bd_auto_us_1_axi_dwidth_converter_v2_1_31_a_upsizer |          0 |          0 |       0 |    0 |     1 |      0 |      0 |          0 |
|                 GEN_CMD_QUEUE.cmd_queue                                           |                              feed_handler_bd_auto_us_1_generic_baseblocks_v2_1_2_command_fifo |         59 |         37 |       0 |   22 |    30 |      0 |      0 |          0 |
|               si_register_slice_inst                                              |                       feed_handler_bd_auto_us_1_axi_register_slice_v2_1_31_axi_register_slice |         39 |         39 |       0 |    0 |    45 |      0 |      0 |          0 |
|                 aw.aw_pipe                                                        |                      feed_handler_bd_auto_us_1_axi_register_slice_v2_1_31_axic_register_slice |         39 |         39 |       0 |    0 |    45 |      0 |      0 |          0 |
|       xbar                                                                        |                                                                        feed_handler_bd_xbar_0 |        313 |        310 |       0 |    3 |   324 |      0 |      0 |          0 |
|         inst                                                                      |                                      feed_handler_bd_xbar_0_axi_crossbar_v2_1_32_axi_crossbar |        313 |        310 |       0 |    3 |   324 |      0 |      0 |          0 |
|           gen_samd.crossbar_samd                                                  |                                          feed_handler_bd_xbar_0_axi_crossbar_v2_1_32_crossbar |        313 |        310 |       0 |    3 |   324 |      0 |      0 |          0 |
|             (gen_samd.crossbar_samd)                                              |                                          feed_handler_bd_xbar_0_axi_crossbar_v2_1_32_crossbar |          2 |          2 |       0 |    0 |    11 |      0 |      0 |          0 |
|             addr_arbiter_ar                                                       |                                      feed_handler_bd_xbar_0_axi_crossbar_v2_1_32_addr_arbiter |         21 |         21 |       0 |    0 |    51 |      0 |      0 |          0 |
|             addr_arbiter_aw                                                       |                                    feed_handler_bd_xbar_0_axi_crossbar_v2_1_32_addr_arbiter_0 |         49 |         49 |       0 |    0 |    53 |      0 |      0 |          0 |
|             gen_decerr_slave.decerr_slave_inst                                    |                                      feed_handler_bd_xbar_0_axi_crossbar_v2_1_32_decerr_slave |         25 |         25 |       0 |    0 |    18 |      0 |      0 |          0 |
|             gen_master_slots[0].gen_mi_write.wdata_mux_w                          |                                         feed_handler_bd_xbar_0_axi_crossbar_v2_1_32_wdata_mux |         64 |         63 |       0 |    1 |     8 |      0 |      0 |          0 |
|               gen_wmux.wmux_aw_fifo                                               |                feed_handler_bd_xbar_0_axi_data_fifo_v2_1_30_axic_reg_srl_fifo__parameterized0 |         64 |         63 |       0 |    1 |     8 |      0 |      0 |          0 |
|                 (gen_wmux.wmux_aw_fifo)                                           |                feed_handler_bd_xbar_0_axi_data_fifo_v2_1_30_axic_reg_srl_fifo__parameterized0 |         61 |         61 |       0 |    0 |     8 |      0 |      0 |          0 |
|                 gen_srls[0].gen_rep[0].srl_nx1                                    |                      feed_handler_bd_xbar_0_axi_data_fifo_v2_1_30_ndeep_srl__parameterized0_5 |          3 |          2 |       0 |    1 |     0 |      0 |      0 |          0 |
|             gen_master_slots[0].reg_slice_mi                                      |                          feed_handler_bd_xbar_0_axi_register_slice_v2_1_31_axi_register_slice |         63 |         63 |       0 |    0 |   143 |      0 |      0 |          0 |
|               b.b_pipe                                                            |       feed_handler_bd_xbar_0_axi_register_slice_v2_1_31_axic_register_slice__parameterized1_3 |         10 |         10 |       0 |    0 |     7 |      0 |      0 |          0 |
|               r.r_pipe                                                            |       feed_handler_bd_xbar_0_axi_register_slice_v2_1_31_axic_register_slice__parameterized2_4 |         53 |         53 |       0 |    0 |   136 |      0 |      0 |          0 |
|             gen_master_slots[1].gen_mi_write.wdata_mux_w                          |                         feed_handler_bd_xbar_0_axi_crossbar_v2_1_32_wdata_mux__parameterized0 |         13 |         12 |       0 |    1 |     7 |      0 |      0 |          0 |
|               gen_wmux.wmux_aw_fifo                                               |                feed_handler_bd_xbar_0_axi_data_fifo_v2_1_30_axic_reg_srl_fifo__parameterized1 |         13 |         12 |       0 |    1 |     7 |      0 |      0 |          0 |
|                 (gen_wmux.wmux_aw_fifo)                                           |                feed_handler_bd_xbar_0_axi_data_fifo_v2_1_30_axic_reg_srl_fifo__parameterized1 |         10 |         10 |       0 |    0 |     7 |      0 |      0 |          0 |
|                 gen_srls[0].gen_rep[0].srl_nx1                                    |                        feed_handler_bd_xbar_0_axi_data_fifo_v2_1_30_ndeep_srl__parameterized1 |          3 |          2 |       0 |    1 |     0 |      0 |      0 |          0 |
|             gen_master_slots[1].reg_slice_mi                                      |                        feed_handler_bd_xbar_0_axi_register_slice_v2_1_31_axi_register_slice_1 |         11 |         11 |       0 |    0 |     7 |      0 |      0 |          0 |
|               b.b_pipe                                                            |         feed_handler_bd_xbar_0_axi_register_slice_v2_1_31_axic_register_slice__parameterized1 |          5 |          5 |       0 |    0 |     3 |      0 |      0 |          0 |
|               r.r_pipe                                                            |         feed_handler_bd_xbar_0_axi_register_slice_v2_1_31_axic_register_slice__parameterized2 |          6 |          6 |       0 |    0 |     4 |      0 |      0 |          0 |
|             gen_slave_slots[0].gen_si_read.si_transactor_ar                       |                                     feed_handler_bd_xbar_0_axi_crossbar_v2_1_32_si_transactor |         27 |         27 |       0 |    0 |     6 |      0 |      0 |          0 |
|             gen_slave_slots[1].gen_si_write.si_transactor_aw                      |                     feed_handler_bd_xbar_0_axi_crossbar_v2_1_32_si_transactor__parameterized0 |          7 |          7 |       0 |    0 |     6 |      0 |      0 |          0 |
|             gen_slave_slots[1].gen_si_write.splitter_aw_si                        |                                          feed_handler_bd_xbar_0_axi_crossbar_v2_1_32_splitter |          8 |          8 |       0 |    0 |     2 |      0 |      0 |          0 |
|             gen_slave_slots[1].gen_si_write.wdata_router_w                        |                                      feed_handler_bd_xbar_0_axi_crossbar_v2_1_32_wdata_router |         21 |         20 |       0 |    1 |    10 |      0 |      0 |          0 |
|               wrouter_aw_fifo                                                     |                                feed_handler_bd_xbar_0_axi_data_fifo_v2_1_30_axic_reg_srl_fifo |         21 |         20 |       0 |    1 |    10 |      0 |      0 |          0 |
|                 (wrouter_aw_fifo)                                                 |                                feed_handler_bd_xbar_0_axi_data_fifo_v2_1_30_axic_reg_srl_fifo |         17 |         17 |       0 |    0 |    10 |      0 |      0 |          0 |
|                 gen_srls[0].gen_rep[0].srl_nx1                                    |                        feed_handler_bd_xbar_0_axi_data_fifo_v2_1_30_ndeep_srl__parameterized0 |          4 |          3 |       0 |    1 |     0 |      0 |      0 |          0 |
|             splitter_aw_mi                                                        |                                        feed_handler_bd_xbar_0_axi_crossbar_v2_1_32_splitter_2 |          2 |          2 |       0 |    0 |     2 |      0 |      0 |          0 |
|     axis_dwidth_converter_0                                                       |                                                     feed_handler_bd_axis_dwidth_converter_0_0 |        159 |        159 |       0 |    0 |   215 |      0 |      0 |          0 |
|       inst                                                                        | feed_handler_bd_axis_dwidth_converter_0_0_axis_dwidth_converter_v1_1_30_axis_dwidth_converter |        159 |        159 |       0 |    0 |   215 |      0 |      0 |          0 |
|         (inst)                                                                    | feed_handler_bd_axis_dwidth_converter_0_0_axis_dwidth_converter_v1_1_30_axis_dwidth_converter |          1 |          1 |       0 |    0 |     1 |      0 |      0 |          0 |
|         gen_downsizer_conversion.axisc_downsizer_0                                |       feed_handler_bd_axis_dwidth_converter_0_0_axis_dwidth_converter_v1_1_30_axisc_downsizer |        158 |        158 |       0 |    0 |   214 |      0 |      0 |          0 |
|     feed_parser_0                                                                 |                                                               feed_handler_bd_feed_parser_0_0 |        253 |        253 |       0 |    0 |   356 |      0 |      0 |         16 |
|       inst                                                                        |                                                   feed_handler_bd_feed_parser_0_0_feed_parser |        253 |        253 |       0 |    0 |   356 |      0 |      0 |         16 |
|         (inst)                                                                    |                                                   feed_handler_bd_feed_parser_0_0_feed_parser |          3 |          3 |       0 |    0 |   169 |      0 |      0 |          0 |
|         mul_64ns_66ns_103_5_1_U1                                                  |                             feed_handler_bd_feed_parser_0_0_feed_parser_mul_64ns_66ns_103_5_1 |        175 |        175 |       0 |    0 |    66 |      0 |      0 |         16 |
|         regslice_both_in_bytes_U                                                  |                                     feed_handler_bd_feed_parser_0_0_feed_parser_regslice_both |         35 |         35 |       0 |    0 |    21 |      0 |      0 |          0 |
|         regslice_both_out_msgs_U                                                  |                     feed_handler_bd_feed_parser_0_0_feed_parser_regslice_both__parameterized0 |         40 |         40 |       0 |    0 |   100 |      0 |      0 |          0 |
|     orderbook_0                                                                   |                                                                 feed_handler_bd_orderbook_0_0 |       2015 |       2015 |       0 |    0 |  2642 |      0 |      0 |          0 |
|       inst                                                                        |                                             feed_handler_bd_orderbook_0_0_orderbook_axis_wrap |       2015 |       2015 |       0 |    0 |  2642 |      0 |      0 |          0 |
|         (inst)                                                                    |                                             feed_handler_bd_orderbook_0_0_orderbook_axis_wrap |         10 |         10 |       0 |    0 |     9 |      0 |      0 |          0 |
|         u_book                                                                    |                                                       feed_handler_bd_orderbook_0_0_OrderBook |       2005 |       2005 |       0 |    0 |  2633 |      0 |      0 |          0 |
|           (u_book)                                                                |                                                       feed_handler_bd_orderbook_0_0_OrderBook |          0 |          0 |       0 |    0 |  1333 |      0 |      0 |          0 |
|           askStore                                                                |                                               feed_handler_bd_orderbook_0_0_PriceLevelStore_1 |       1002 |       1002 |       0 |    0 |   650 |      0 |      0 |          0 |
|           bidStore                                                                |                                                 feed_handler_bd_orderbook_0_0_PriceLevelStore |       1003 |       1003 |       0 |    0 |   650 |      0 |      0 |          0 |
|     ps7                                                                           |                                                                         feed_handler_bd_ps7_0 |          0 |          0 |       0 |    0 |     0 |      0 |      0 |          0 |
|       inst                                                                        |                              feed_handler_bd_ps7_0_processing_system7_v5_5_processing_system7 |          0 |          0 |       0 |    0 |     0 |      0 |      0 |          0 |
|     ps7_axi_periph                                                                |                                                              feed_handler_bd_ps7_axi_periph_0 |        436 |        377 |       0 |   59 |   446 |      0 |      0 |          0 |
|       s00_couplers                                                                |                                                                      s00_couplers_imp_1P5UDJU |        436 |        377 |       0 |   59 |   446 |      0 |      0 |          0 |
|         auto_pc                                                                   |                                                                     feed_handler_bd_auto_pc_0 |        436 |        377 |       0 |   59 |   446 |      0 |      0 |          0 |
|           inst                                                                    |               feed_handler_bd_auto_pc_0_axi_protocol_converter_v2_1_31_axi_protocol_converter |        436 |        377 |       0 |   59 |   446 |      0 |      0 |          0 |
|             gen_axilite.gen_b2s_conv.axilite_b2s                                  |                                  feed_handler_bd_auto_pc_0_axi_protocol_converter_v2_1_31_b2s |        436 |        377 |       0 |   59 |   446 |      0 |      0 |          0 |
|               (gen_axilite.gen_b2s_conv.axilite_b2s)                              |                                  feed_handler_bd_auto_pc_0_axi_protocol_converter_v2_1_31_b2s |          1 |          1 |       0 |    0 |     1 |      0 |      0 |          0 |
|               RD.ar_channel_0                                                     |                       feed_handler_bd_auto_pc_0_axi_protocol_converter_v2_1_31_b2s_ar_channel |         82 |         82 |       0 |    0 |    82 |      0 |      0 |          0 |
|                 (RD.ar_channel_0)                                                 |                       feed_handler_bd_auto_pc_0_axi_protocol_converter_v2_1_31_b2s_ar_channel |          0 |          0 |       0 |    0 |    12 |      0 |      0 |          0 |
|                 ar_cmd_fsm_0                                                      |                       feed_handler_bd_auto_pc_0_axi_protocol_converter_v2_1_31_b2s_rd_cmd_fsm |         42 |         42 |       0 |    0 |     2 |      0 |      0 |          0 |
|                 cmd_translator_0                                                  |                 feed_handler_bd_auto_pc_0_axi_protocol_converter_v2_1_31_b2s_cmd_translator_1 |         40 |         40 |       0 |    0 |    68 |      0 |      0 |          0 |
|                   (cmd_translator_0)                                              |                 feed_handler_bd_auto_pc_0_axi_protocol_converter_v2_1_31_b2s_cmd_translator_1 |          2 |          2 |       0 |    0 |     3 |      0 |      0 |          0 |
|                   incr_cmd_0                                                      |                       feed_handler_bd_auto_pc_0_axi_protocol_converter_v2_1_31_b2s_incr_cmd_2 |         28 |         28 |       0 |    0 |    22 |      0 |      0 |          0 |
|                   wrap_cmd_0                                                      |                       feed_handler_bd_auto_pc_0_axi_protocol_converter_v2_1_31_b2s_wrap_cmd_3 |         10 |         10 |       0 |    0 |    43 |      0 |      0 |          0 |
|               RD.r_channel_0                                                      |                        feed_handler_bd_auto_pc_0_axi_protocol_converter_v2_1_31_b2s_r_channel |         65 |         20 |       0 |   45 |    24 |      0 |      0 |          0 |
|                 (RD.r_channel_0)                                                  |                        feed_handler_bd_auto_pc_0_axi_protocol_converter_v2_1_31_b2s_r_channel |          0 |          0 |       0 |    0 |    14 |      0 |      0 |          0 |
|                 rd_data_fifo_0                                                    |      feed_handler_bd_auto_pc_0_axi_protocol_converter_v2_1_31_b2s_simple_fifo__parameterized1 |         45 |         13 |       0 |   32 |     5 |      0 |      0 |          0 |
|                 transaction_fifo_0                                                |      feed_handler_bd_auto_pc_0_axi_protocol_converter_v2_1_31_b2s_simple_fifo__parameterized2 |         20 |          7 |       0 |   13 |     5 |      0 |      0 |          0 |
|               SI_REG                                                              |                       feed_handler_bd_auto_pc_0_axi_register_slice_v2_1_31_axi_register_slice |        174 |        174 |       0 |    0 |   248 |      0 |      0 |          0 |
|                 ar.ar_pipe                                                        |                      feed_handler_bd_auto_pc_0_axi_register_slice_v2_1_31_axic_register_slice |         56 |         56 |       0 |    0 |    66 |      0 |      0 |          0 |
|                 aw.aw_pipe                                                        |                    feed_handler_bd_auto_pc_0_axi_register_slice_v2_1_31_axic_register_slice_0 |         52 |         52 |       0 |    0 |    60 |      0 |      0 |          0 |
|                 b.b_pipe                                                          |      feed_handler_bd_auto_pc_0_axi_register_slice_v2_1_31_axic_register_slice__parameterized1 |         17 |         17 |       0 |    0 |    30 |      0 |      0 |          0 |
|                 r.r_pipe                                                          |      feed_handler_bd_auto_pc_0_axi_register_slice_v2_1_31_axic_register_slice__parameterized2 |         49 |         49 |       0 |    0 |    92 |      0 |      0 |          0 |
|               WR.aw_channel_0                                                     |                       feed_handler_bd_auto_pc_0_axi_protocol_converter_v2_1_31_b2s_aw_channel |         78 |         78 |       0 |    0 |    74 |      0 |      0 |          0 |
|                 (WR.aw_channel_0)                                                 |                       feed_handler_bd_auto_pc_0_axi_protocol_converter_v2_1_31_b2s_aw_channel |          0 |          0 |       0 |    0 |    16 |      0 |      0 |          0 |
|                 aw_cmd_fsm_0                                                      |                       feed_handler_bd_auto_pc_0_axi_protocol_converter_v2_1_31_b2s_wr_cmd_fsm |         46 |         46 |       0 |    0 |     2 |      0 |      0 |          0 |
|                 cmd_translator_0                                                  |                   feed_handler_bd_auto_pc_0_axi_protocol_converter_v2_1_31_b2s_cmd_translator |         32 |         32 |       0 |    0 |    56 |      0 |      0 |          0 |
|                   (cmd_translator_0)                                              |                   feed_handler_bd_auto_pc_0_axi_protocol_converter_v2_1_31_b2s_cmd_translator |          1 |          1 |       0 |    0 |     3 |      0 |      0 |          0 |
|                   incr_cmd_0                                                      |                         feed_handler_bd_auto_pc_0_axi_protocol_converter_v2_1_31_b2s_incr_cmd |         21 |         21 |       0 |    0 |    18 |      0 |      0 |          0 |
|                   wrap_cmd_0                                                      |                         feed_handler_bd_auto_pc_0_axi_protocol_converter_v2_1_31_b2s_wrap_cmd |         10 |         10 |       0 |    0 |    35 |      0 |      0 |          0 |
|               WR.b_channel_0                                                      |                        feed_handler_bd_auto_pc_0_axi_protocol_converter_v2_1_31_b2s_b_channel |         36 |         22 |       0 |   14 |    17 |      0 |      0 |          0 |
|                 (WR.b_channel_0)                                                  |                        feed_handler_bd_auto_pc_0_axi_protocol_converter_v2_1_31_b2s_b_channel |          7 |          7 |       0 |    0 |    13 |      0 |      0 |          0 |
|                 bid_fifo_0                                                        |                      feed_handler_bd_auto_pc_0_axi_protocol_converter_v2_1_31_b2s_simple_fifo |         22 |         10 |       0 |   12 |     2 |      0 |      0 |          0 |
|                 bresp_fifo_0                                                      |      feed_handler_bd_auto_pc_0_axi_protocol_converter_v2_1_31_b2s_simple_fifo__parameterized0 |          7 |          5 |       0 |    2 |     2 |      0 |      0 |          0 |
|     rst_ps7_250M                                                                  |                                                                feed_handler_bd_rst_ps7_250M_0 |         17 |         16 |       0 |    1 |    33 |      0 |      0 |          0 |
|       U0                                                                          |                                                 feed_handler_bd_rst_ps7_250M_0_proc_sys_reset |         17 |         16 |       0 |    1 |    33 |      0 |      0 |          0 |
|         (U0)                                                                      |                                                 feed_handler_bd_rst_ps7_250M_0_proc_sys_reset |          0 |          0 |       0 |    0 |     1 |      0 |      0 |          0 |
|         EXT_LPF                                                                   |                                                            feed_handler_bd_rst_ps7_250M_0_lpf |          5 |          4 |       0 |    1 |    17 |      0 |      0 |          0 |
|           (EXT_LPF)                                                               |                                                            feed_handler_bd_rst_ps7_250M_0_lpf |          2 |          1 |       0 |    1 |     9 |      0 |      0 |          0 |
|           ACTIVE_LOW_AUX.ACT_LO_AUX                                               |                                                       feed_handler_bd_rst_ps7_250M_0_cdc_sync |          1 |          1 |       0 |    0 |     4 |      0 |      0 |          0 |
|           ACTIVE_LOW_EXT.ACT_LO_EXT                                               |                                                     feed_handler_bd_rst_ps7_250M_0_cdc_sync_0 |          2 |          2 |       0 |    0 |     4 |      0 |      0 |          0 |
|         SEQ                                                                       |                                                   feed_handler_bd_rst_ps7_250M_0_sequence_psr |         12 |         12 |       0 |    0 |    15 |      0 |      0 |          0 |
|           (SEQ)                                                                   |                                                   feed_handler_bd_rst_ps7_250M_0_sequence_psr |          7 |          7 |       0 |    0 |     9 |      0 |      0 |          0 |
|           SEQ_COUNTER                                                             |                                                        feed_handler_bd_rst_ps7_250M_0_upcnt_n |          5 |          5 |       0 |    0 |     6 |      0 |      0 |          0 |
|     signals_0                                                                     |                                                                   feed_handler_bd_signals_0_0 |      33490 |      32025 |       0 | 1465 | 32001 |      0 |      0 |         88 |
|       (signals_0)                                                                 |                                                                   feed_handler_bd_signals_0_0 |          0 |          0 |       0 |    0 |     0 |      0 |      0 |          0 |
|       inst                                                                        |                                                   feed_handler_bd_signals_0_0_compute_signals |      33490 |      32025 |       0 | 1465 | 32001 |      0 |      0 |         88 |
|         (inst)                                                                    |                                                   feed_handler_bd_signals_0_0_compute_signals |       1523 |        695 |       0 |  828 |  6019 |      0 |      0 |          0 |
|         add_56ns_56ns_56_2_1_U23                                                  |                              feed_handler_bd_signals_0_0_compute_signals_add_56ns_56ns_56_2_1 |         98 |         98 |       0 |    0 |    85 |      0 |      0 |          0 |
|           (add_56ns_56ns_56_2_1_U23)                                              |                              feed_handler_bd_signals_0_0_compute_signals_add_56ns_56ns_56_2_1 |         14 |         14 |       0 |    0 |    85 |      0 |      0 |          0 |
|           u1                                                                      |                feed_handler_bd_signals_0_0_compute_signals_add_56ns_56ns_56_2_1_comb_adder_73 |         28 |         28 |       0 |    0 |     0 |      0 |      0 |          0 |
|           u2                                                                      |                feed_handler_bd_signals_0_0_compute_signals_add_56ns_56ns_56_2_1_comb_adder_74 |         56 |         56 |       0 |    0 |     0 |      0 |      0 |          0 |
|         add_56ns_56ns_56_2_1_U24                                                  |                            feed_handler_bd_signals_0_0_compute_signals_add_56ns_56ns_56_2_1_0 |         98 |         98 |       0 |    0 |    85 |      0 |      0 |          0 |
|           (add_56ns_56ns_56_2_1_U24)                                              |                            feed_handler_bd_signals_0_0_compute_signals_add_56ns_56ns_56_2_1_0 |         14 |         14 |       0 |    0 |    85 |      0 |      0 |          0 |
|           u1                                                                      |                feed_handler_bd_signals_0_0_compute_signals_add_56ns_56ns_56_2_1_comb_adder_71 |         28 |         28 |       0 |    0 |     0 |      0 |      0 |          0 |
|           u2                                                                      |                feed_handler_bd_signals_0_0_compute_signals_add_56ns_56ns_56_2_1_comb_adder_72 |         56 |         56 |       0 |    0 |     0 |      0 |      0 |          0 |
|         add_56ns_56ns_56_2_1_U25                                                  |                            feed_handler_bd_signals_0_0_compute_signals_add_56ns_56ns_56_2_1_1 |         98 |         98 |       0 |    0 |    57 |      0 |      0 |          0 |
|           (add_56ns_56ns_56_2_1_U25)                                              |                            feed_handler_bd_signals_0_0_compute_signals_add_56ns_56ns_56_2_1_1 |         14 |         14 |       0 |    0 |    57 |      0 |      0 |          0 |
|           u1                                                                      |                feed_handler_bd_signals_0_0_compute_signals_add_56ns_56ns_56_2_1_comb_adder_69 |         28 |         28 |       0 |    0 |     0 |      0 |      0 |          0 |
|           u2                                                                      |                feed_handler_bd_signals_0_0_compute_signals_add_56ns_56ns_56_2_1_comb_adder_70 |         56 |         56 |       0 |    0 |     0 |      0 |      0 |          0 |
|         add_56ns_56ns_56_2_1_U26                                                  |                            feed_handler_bd_signals_0_0_compute_signals_add_56ns_56ns_56_2_1_2 |         98 |         98 |       0 |    0 |    57 |      0 |      0 |          0 |
|           (add_56ns_56ns_56_2_1_U26)                                              |                            feed_handler_bd_signals_0_0_compute_signals_add_56ns_56ns_56_2_1_2 |         14 |         14 |       0 |    0 |    57 |      0 |      0 |          0 |
|           u1                                                                      |                feed_handler_bd_signals_0_0_compute_signals_add_56ns_56ns_56_2_1_comb_adder_67 |         28 |         28 |       0 |    0 |     0 |      0 |      0 |          0 |
|           u2                                                                      |                feed_handler_bd_signals_0_0_compute_signals_add_56ns_56ns_56_2_1_comb_adder_68 |         56 |         56 |       0 |    0 |     0 |      0 |      0 |          0 |
|         add_56ns_56ns_56_2_1_U27                                                  |                            feed_handler_bd_signals_0_0_compute_signals_add_56ns_56ns_56_2_1_3 |         98 |         98 |       0 |    0 |    57 |      0 |      0 |          0 |
|           (add_56ns_56ns_56_2_1_U27)                                              |                            feed_handler_bd_signals_0_0_compute_signals_add_56ns_56ns_56_2_1_3 |         14 |         14 |       0 |    0 |    57 |      0 |      0 |          0 |
|           u1                                                                      |                feed_handler_bd_signals_0_0_compute_signals_add_56ns_56ns_56_2_1_comb_adder_65 |         28 |         28 |       0 |    0 |     0 |      0 |      0 |          0 |
|           u2                                                                      |                feed_handler_bd_signals_0_0_compute_signals_add_56ns_56ns_56_2_1_comb_adder_66 |         56 |         56 |       0 |    0 |     0 |      0 |      0 |          0 |
|         add_56ns_56ns_56_2_1_U28                                                  |                            feed_handler_bd_signals_0_0_compute_signals_add_56ns_56ns_56_2_1_4 |         98 |         98 |       0 |    0 |    57 |      0 |      0 |          0 |
|           (add_56ns_56ns_56_2_1_U28)                                              |                            feed_handler_bd_signals_0_0_compute_signals_add_56ns_56ns_56_2_1_4 |         14 |         14 |       0 |    0 |    57 |      0 |      0 |          0 |
|           u1                                                                      |                feed_handler_bd_signals_0_0_compute_signals_add_56ns_56ns_56_2_1_comb_adder_63 |         28 |         28 |       0 |    0 |     0 |      0 |      0 |          0 |
|           u2                                                                      |                feed_handler_bd_signals_0_0_compute_signals_add_56ns_56ns_56_2_1_comb_adder_64 |         56 |         56 |       0 |    0 |     0 |      0 |      0 |          0 |
|         add_56ns_56ns_56_2_1_U29                                                  |                            feed_handler_bd_signals_0_0_compute_signals_add_56ns_56ns_56_2_1_5 |         98 |         98 |       0 |    0 |    57 |      0 |      0 |          0 |
|           (add_56ns_56ns_56_2_1_U29)                                              |                            feed_handler_bd_signals_0_0_compute_signals_add_56ns_56ns_56_2_1_5 |         14 |         14 |       0 |    0 |    57 |      0 |      0 |          0 |
|           u1                                                                      |                feed_handler_bd_signals_0_0_compute_signals_add_56ns_56ns_56_2_1_comb_adder_61 |         28 |         28 |       0 |    0 |     0 |      0 |      0 |          0 |
|           u2                                                                      |                feed_handler_bd_signals_0_0_compute_signals_add_56ns_56ns_56_2_1_comb_adder_62 |         56 |         56 |       0 |    0 |     0 |      0 |      0 |          0 |
|         add_56ns_56ns_56_2_1_U30                                                  |                            feed_handler_bd_signals_0_0_compute_signals_add_56ns_56ns_56_2_1_6 |         98 |         98 |       0 |    0 |    57 |      0 |      0 |          0 |
|           (add_56ns_56ns_56_2_1_U30)                                              |                            feed_handler_bd_signals_0_0_compute_signals_add_56ns_56ns_56_2_1_6 |         14 |         14 |       0 |    0 |    57 |      0 |      0 |          0 |
|           u1                                                                      |                feed_handler_bd_signals_0_0_compute_signals_add_56ns_56ns_56_2_1_comb_adder_59 |         28 |         28 |       0 |    0 |     0 |      0 |      0 |          0 |
|           u2                                                                      |                feed_handler_bd_signals_0_0_compute_signals_add_56ns_56ns_56_2_1_comb_adder_60 |         56 |         56 |       0 |    0 |     0 |      0 |      0 |          0 |
|         add_56ns_56ns_56_2_1_U31                                                  |                            feed_handler_bd_signals_0_0_compute_signals_add_56ns_56ns_56_2_1_7 |         98 |         98 |       0 |    0 |    57 |      0 |      0 |          0 |
|           (add_56ns_56ns_56_2_1_U31)                                              |                            feed_handler_bd_signals_0_0_compute_signals_add_56ns_56ns_56_2_1_7 |         14 |         14 |       0 |    0 |    57 |      0 |      0 |          0 |
|           u1                                                                      |                feed_handler_bd_signals_0_0_compute_signals_add_56ns_56ns_56_2_1_comb_adder_57 |         28 |         28 |       0 |    0 |     0 |      0 |      0 |          0 |
|           u2                                                                      |                feed_handler_bd_signals_0_0_compute_signals_add_56ns_56ns_56_2_1_comb_adder_58 |         56 |         56 |       0 |    0 |     0 |      0 |      0 |          0 |
|         add_56ns_56ns_56_2_1_U32                                                  |                            feed_handler_bd_signals_0_0_compute_signals_add_56ns_56ns_56_2_1_8 |         98 |         98 |       0 |    0 |    57 |      0 |      0 |          0 |
|           (add_56ns_56ns_56_2_1_U32)                                              |                            feed_handler_bd_signals_0_0_compute_signals_add_56ns_56ns_56_2_1_8 |         14 |         14 |       0 |    0 |    57 |      0 |      0 |          0 |
|           u1                                                                      |                feed_handler_bd_signals_0_0_compute_signals_add_56ns_56ns_56_2_1_comb_adder_55 |         28 |         28 |       0 |    0 |     0 |      0 |      0 |          0 |
|           u2                                                                      |                feed_handler_bd_signals_0_0_compute_signals_add_56ns_56ns_56_2_1_comb_adder_56 |         56 |         56 |       0 |    0 |     0 |      0 |      0 |          0 |
|         add_56ns_56ns_56_2_1_U34                                                  |                            feed_handler_bd_signals_0_0_compute_signals_add_56ns_56ns_56_2_1_9 |         98 |         98 |       0 |    0 |    57 |      0 |      0 |          0 |
|           (add_56ns_56ns_56_2_1_U34)                                              |                            feed_handler_bd_signals_0_0_compute_signals_add_56ns_56ns_56_2_1_9 |         14 |         14 |       0 |    0 |    57 |      0 |      0 |          0 |
|           u1                                                                      |                feed_handler_bd_signals_0_0_compute_signals_add_56ns_56ns_56_2_1_comb_adder_53 |         28 |         28 |       0 |    0 |     0 |      0 |      0 |          0 |
|           u2                                                                      |                feed_handler_bd_signals_0_0_compute_signals_add_56ns_56ns_56_2_1_comb_adder_54 |         56 |         56 |       0 |    0 |     0 |      0 |      0 |          0 |
|         add_56ns_56ns_56_2_1_U35                                                  |                           feed_handler_bd_signals_0_0_compute_signals_add_56ns_56ns_56_2_1_10 |         98 |         98 |       0 |    0 |    57 |      0 |      0 |          0 |
|           (add_56ns_56ns_56_2_1_U35)                                              |                           feed_handler_bd_signals_0_0_compute_signals_add_56ns_56ns_56_2_1_10 |         14 |         14 |       0 |    0 |    57 |      0 |      0 |          0 |
|           u1                                                                      |                feed_handler_bd_signals_0_0_compute_signals_add_56ns_56ns_56_2_1_comb_adder_51 |         28 |         28 |       0 |    0 |     0 |      0 |      0 |          0 |
|           u2                                                                      |                feed_handler_bd_signals_0_0_compute_signals_add_56ns_56ns_56_2_1_comb_adder_52 |         56 |         56 |       0 |    0 |     0 |      0 |      0 |          0 |
|         add_56ns_56ns_56_2_1_U36                                                  |                           feed_handler_bd_signals_0_0_compute_signals_add_56ns_56ns_56_2_1_11 |         98 |         98 |       0 |    0 |    57 |      0 |      0 |          0 |
|           (add_56ns_56ns_56_2_1_U36)                                              |                           feed_handler_bd_signals_0_0_compute_signals_add_56ns_56ns_56_2_1_11 |         14 |         14 |       0 |    0 |    57 |      0 |      0 |          0 |
|           u1                                                                      |                feed_handler_bd_signals_0_0_compute_signals_add_56ns_56ns_56_2_1_comb_adder_49 |         28 |         28 |       0 |    0 |     0 |      0 |      0 |          0 |
|           u2                                                                      |                feed_handler_bd_signals_0_0_compute_signals_add_56ns_56ns_56_2_1_comb_adder_50 |         56 |         56 |       0 |    0 |     0 |      0 |      0 |          0 |
|         add_56ns_56ns_56_2_1_U37                                                  |                           feed_handler_bd_signals_0_0_compute_signals_add_56ns_56ns_56_2_1_12 |         98 |         98 |       0 |    0 |    57 |      0 |      0 |          0 |
|           (add_56ns_56ns_56_2_1_U37)                                              |                           feed_handler_bd_signals_0_0_compute_signals_add_56ns_56ns_56_2_1_12 |         14 |         14 |       0 |    0 |    57 |      0 |      0 |          0 |
|           u1                                                                      |                feed_handler_bd_signals_0_0_compute_signals_add_56ns_56ns_56_2_1_comb_adder_47 |         28 |         28 |       0 |    0 |     0 |      0 |      0 |          0 |
|           u2                                                                      |                feed_handler_bd_signals_0_0_compute_signals_add_56ns_56ns_56_2_1_comb_adder_48 |         56 |         56 |       0 |    0 |     0 |      0 |      0 |          0 |
|         add_56ns_56ns_56_2_1_U38                                                  |                           feed_handler_bd_signals_0_0_compute_signals_add_56ns_56ns_56_2_1_13 |         98 |         98 |       0 |    0 |    57 |      0 |      0 |          0 |
|           (add_56ns_56ns_56_2_1_U38)                                              |                           feed_handler_bd_signals_0_0_compute_signals_add_56ns_56ns_56_2_1_13 |         14 |         14 |       0 |    0 |    57 |      0 |      0 |          0 |
|           u1                                                                      |                feed_handler_bd_signals_0_0_compute_signals_add_56ns_56ns_56_2_1_comb_adder_45 |         28 |         28 |       0 |    0 |     0 |      0 |      0 |          0 |
|           u2                                                                      |                feed_handler_bd_signals_0_0_compute_signals_add_56ns_56ns_56_2_1_comb_adder_46 |         56 |         56 |       0 |    0 |     0 |      0 |      0 |          0 |
|         add_56ns_56ns_56_2_1_U39                                                  |                           feed_handler_bd_signals_0_0_compute_signals_add_56ns_56ns_56_2_1_14 |         98 |         98 |       0 |    0 |    57 |      0 |      0 |          0 |
|           (add_56ns_56ns_56_2_1_U39)                                              |                           feed_handler_bd_signals_0_0_compute_signals_add_56ns_56ns_56_2_1_14 |         14 |         14 |       0 |    0 |    57 |      0 |      0 |          0 |
|           u1                                                                      |                feed_handler_bd_signals_0_0_compute_signals_add_56ns_56ns_56_2_1_comb_adder_43 |         28 |         28 |       0 |    0 |     0 |      0 |      0 |          0 |
|           u2                                                                      |                feed_handler_bd_signals_0_0_compute_signals_add_56ns_56ns_56_2_1_comb_adder_44 |         56 |         56 |       0 |    0 |     0 |      0 |      0 |          0 |
|         add_56ns_56ns_56_2_1_U41                                                  |                           feed_handler_bd_signals_0_0_compute_signals_add_56ns_56ns_56_2_1_15 |         56 |         56 |       0 |    0 |    57 |      0 |      0 |          0 |
|           (add_56ns_56ns_56_2_1_U41)                                              |                           feed_handler_bd_signals_0_0_compute_signals_add_56ns_56ns_56_2_1_15 |          0 |          0 |       0 |    0 |    57 |      0 |      0 |          0 |
|           u1                                                                      |                feed_handler_bd_signals_0_0_compute_signals_add_56ns_56ns_56_2_1_comb_adder_41 |         28 |         28 |       0 |    0 |     0 |      0 |      0 |          0 |
|           u2                                                                      |                feed_handler_bd_signals_0_0_compute_signals_add_56ns_56ns_56_2_1_comb_adder_42 |         28 |         28 |       0 |    0 |     0 |      0 |      0 |          0 |
|         add_56ns_56ns_56_2_1_U42                                                  |                           feed_handler_bd_signals_0_0_compute_signals_add_56ns_56ns_56_2_1_16 |         56 |         56 |       0 |    0 |    57 |      0 |      0 |          0 |
|           (add_56ns_56ns_56_2_1_U42)                                              |                           feed_handler_bd_signals_0_0_compute_signals_add_56ns_56ns_56_2_1_16 |          0 |          0 |       0 |    0 |    57 |      0 |      0 |          0 |
|           u1                                                                      |                   feed_handler_bd_signals_0_0_compute_signals_add_56ns_56ns_56_2_1_comb_adder |         28 |         28 |       0 |    0 |     0 |      0 |      0 |          0 |
|           u2                                                                      |                feed_handler_bd_signals_0_0_compute_signals_add_56ns_56ns_56_2_1_comb_adder_40 |         28 |         28 |       0 |    0 |     0 |      0 |      0 |          0 |
|         add_64ns_64ns_64_2_1_U40                                                  |                              feed_handler_bd_signals_0_0_compute_signals_add_64ns_64ns_64_2_1 |         64 |         64 |       0 |    0 |    97 |      0 |      0 |          0 |
|           (add_64ns_64ns_64_2_1_U40)                                              |                              feed_handler_bd_signals_0_0_compute_signals_add_64ns_64ns_64_2_1 |          0 |          0 |       0 |    0 |    97 |      0 |      0 |          0 |
|           u1                                                                      |                   feed_handler_bd_signals_0_0_compute_signals_add_64ns_64ns_64_2_1_comb_adder |         32 |         32 |       0 |    0 |     0 |      0 |      0 |          0 |
|           u2                                                                      |                feed_handler_bd_signals_0_0_compute_signals_add_64ns_64ns_64_2_1_comb_adder_39 |         32 |         32 |       0 |    0 |     0 |      0 |      0 |          0 |
|         mul_32ns_32ns_56_5_1_U1                                                   |                              feed_handler_bd_signals_0_0_compute_signals_mul_32ns_32ns_56_5_1 |          9 |          0 |       0 |    9 |    17 |      0 |      0 |          4 |
|         mul_32ns_32ns_56_5_1_U10                                                  |                           feed_handler_bd_signals_0_0_compute_signals_mul_32ns_32ns_56_5_1_17 |          9 |          0 |       0 |    9 |    11 |      0 |      0 |          4 |
|         mul_32ns_32ns_56_5_1_U11                                                  |                           feed_handler_bd_signals_0_0_compute_signals_mul_32ns_32ns_56_5_1_18 |          9 |          0 |       0 |    9 |    11 |      0 |      0 |          4 |
|         mul_32ns_32ns_56_5_1_U12                                                  |                           feed_handler_bd_signals_0_0_compute_signals_mul_32ns_32ns_56_5_1_19 |          9 |          0 |       0 |    9 |    11 |      0 |      0 |          4 |
|         mul_32ns_32ns_56_5_1_U13                                                  |                           feed_handler_bd_signals_0_0_compute_signals_mul_32ns_32ns_56_5_1_20 |          9 |          0 |       0 |    9 |    11 |      0 |      0 |          4 |
|         mul_32ns_32ns_56_5_1_U14                                                  |                           feed_handler_bd_signals_0_0_compute_signals_mul_32ns_32ns_56_5_1_21 |          9 |          0 |       0 |    9 |    11 |      0 |      0 |          4 |
|         mul_32ns_32ns_56_5_1_U15                                                  |                           feed_handler_bd_signals_0_0_compute_signals_mul_32ns_32ns_56_5_1_22 |          9 |          0 |       0 |    9 |    11 |      0 |      0 |          4 |
|         mul_32ns_32ns_56_5_1_U16                                                  |                           feed_handler_bd_signals_0_0_compute_signals_mul_32ns_32ns_56_5_1_23 |          9 |          0 |       0 |    9 |    11 |      0 |      0 |          4 |
|         mul_32ns_32ns_56_5_1_U17                                                  |                           feed_handler_bd_signals_0_0_compute_signals_mul_32ns_32ns_56_5_1_24 |          0 |          0 |       0 |    0 |     0 |      0 |      0 |          4 |
|         mul_32ns_32ns_56_5_1_U18                                                  |                           feed_handler_bd_signals_0_0_compute_signals_mul_32ns_32ns_56_5_1_25 |          0 |          0 |       0 |    0 |     0 |      0 |      0 |          4 |
|         mul_32ns_32ns_56_5_1_U19                                                  |                           feed_handler_bd_signals_0_0_compute_signals_mul_32ns_32ns_56_5_1_26 |          0 |          0 |       0 |    0 |     0 |      0 |      0 |          4 |
|         mul_32ns_32ns_56_5_1_U2                                                   |                           feed_handler_bd_signals_0_0_compute_signals_mul_32ns_32ns_56_5_1_27 |          9 |          0 |       0 |    9 |    17 |      0 |      0 |          4 |
|         mul_32ns_32ns_56_5_1_U20                                                  |                           feed_handler_bd_signals_0_0_compute_signals_mul_32ns_32ns_56_5_1_28 |          0 |          0 |       0 |    0 |     0 |      0 |      0 |          4 |
|         mul_32ns_32ns_56_5_1_U3                                                   |                           feed_handler_bd_signals_0_0_compute_signals_mul_32ns_32ns_56_5_1_29 |          0 |          0 |       0 |    0 |    51 |      0 |      0 |          4 |
|         mul_32ns_32ns_56_5_1_U4                                                   |                           feed_handler_bd_signals_0_0_compute_signals_mul_32ns_32ns_56_5_1_30 |          0 |          0 |       0 |    0 |    51 |      0 |      0 |          4 |
|         mul_32ns_32ns_56_5_1_U5                                                   |                           feed_handler_bd_signals_0_0_compute_signals_mul_32ns_32ns_56_5_1_31 |         18 |          0 |       0 |   18 |    26 |      0 |      0 |          4 |
|         mul_32ns_32ns_56_5_1_U6                                                   |                           feed_handler_bd_signals_0_0_compute_signals_mul_32ns_32ns_56_5_1_32 |         18 |          0 |       0 |   18 |    26 |      0 |      0 |          4 |
|         mul_32ns_32ns_56_5_1_U7                                                   |                           feed_handler_bd_signals_0_0_compute_signals_mul_32ns_32ns_56_5_1_33 |          9 |          0 |       0 |    9 |    11 |      0 |      0 |          4 |
|         mul_32ns_32ns_56_5_1_U8                                                   |                           feed_handler_bd_signals_0_0_compute_signals_mul_32ns_32ns_56_5_1_34 |          9 |          0 |       0 |    9 |    11 |      0 |      0 |          4 |
|         mul_32ns_32ns_56_5_1_U9                                                   |                           feed_handler_bd_signals_0_0_compute_signals_mul_32ns_32ns_56_5_1_35 |          9 |          0 |       0 |    9 |    11 |      0 |      0 |          4 |
|         mul_36ns_32ns_64_5_1_U21                                                  |                              feed_handler_bd_signals_0_0_compute_signals_mul_36ns_32ns_64_5_1 |         29 |         20 |       0 |    9 |    34 |      0 |      0 |          4 |
|         mul_36ns_32ns_64_5_1_U22                                                  |                           feed_handler_bd_signals_0_0_compute_signals_mul_36ns_32ns_64_5_1_36 |         65 |         56 |       0 |    9 |    34 |      0 |      0 |          4 |
|         regslice_both_in_snap_U                                                   |                                     feed_handler_bd_signals_0_0_compute_signals_regslice_both |       1367 |       1367 |       0 |    0 |  2691 |      0 |      0 |          0 |
|         regslice_both_out_sig_U                                                   |                     feed_handler_bd_signals_0_0_compute_signals_regslice_both__parameterized0 |        285 |        285 |       0 |    0 |   391 |      0 |      0 |          0 |
|         sdiv_53ns_38ns_32_57_1_U33                                                |                            feed_handler_bd_signals_0_0_compute_signals_sdiv_53ns_38ns_32_57_1 |       5479 |       5389 |       0 |   90 |  4732 |      0 |      0 |          0 |
|           (sdiv_53ns_38ns_32_57_1_U33)                                            |                            feed_handler_bd_signals_0_0_compute_signals_sdiv_53ns_38ns_32_57_1 |         20 |          0 |       0 |   20 |    69 |      0 |      0 |          0 |
|           compute_signals_sdiv_53ns_38ns_32_57_1_divider_u                        |                    feed_handler_bd_signals_0_0_compute_signals_sdiv_53ns_38ns_32_57_1_divider |       5459 |       5389 |       0 |   70 |  4663 |      0 |      0 |          0 |
|         sdiv_64ns_37ns_32_68_1_U44                                                |                            feed_handler_bd_signals_0_0_compute_signals_sdiv_64ns_37ns_32_68_1 |       7681 |       7552 |       0 |  129 |  6146 |      0 |      0 |          0 |
|           (sdiv_64ns_37ns_32_68_1_U44)                                            |                            feed_handler_bd_signals_0_0_compute_signals_sdiv_64ns_37ns_32_68_1 |         48 |         28 |       0 |   20 |    88 |      0 |      0 |          0 |
|           compute_signals_sdiv_64ns_37ns_32_68_1_divider_u                        |                 feed_handler_bd_signals_0_0_compute_signals_sdiv_64ns_37ns_32_68_1_divider_38 |       7633 |       7524 |       0 |  109 |  6058 |      0 |      0 |          0 |
|         sdiv_64ns_37ns_32_68_1_U45                                                |                         feed_handler_bd_signals_0_0_compute_signals_sdiv_64ns_37ns_32_68_1_37 |       7681 |       7552 |       0 |  129 |  6147 |      0 |      0 |          0 |
|           (sdiv_64ns_37ns_32_68_1_U45)                                            |                         feed_handler_bd_signals_0_0_compute_signals_sdiv_64ns_37ns_32_68_1_37 |         48 |         28 |       0 |   20 |    88 |      0 |      0 |          0 |
|           compute_signals_sdiv_64ns_37ns_32_68_1_divider_u                        |                    feed_handler_bd_signals_0_0_compute_signals_sdiv_64ns_37ns_32_68_1_divider |       7633 |       7524 |       0 |  109 |  6059 |      0 |      0 |          0 |
|         udiv_64ns_37ns_32_68_1_U43                                                |                            feed_handler_bd_signals_0_0_compute_signals_udiv_64ns_37ns_32_68_1 |       7494 |       7365 |       0 |  129 |  4330 |      0 |      0 |          0 |
|           (udiv_64ns_37ns_32_68_1_U43)                                            |                            feed_handler_bd_signals_0_0_compute_signals_udiv_64ns_37ns_32_68_1 |         32 |          0 |       0 |   32 |     1 |      0 |      0 |          0 |
|           compute_signals_udiv_64ns_37ns_32_68_1_divider_u                        |                    feed_handler_bd_signals_0_0_compute_signals_udiv_64ns_37ns_32_68_1_divider |       7462 |       7365 |       0 |   97 |  4329 |      0 |      0 |          0 |
+-----------------------------------------------------------------------------------+-----------------------------------------------------------------------------------------------+------------+------------+---------+------+-------+--------+--------+------------+
* Note: The sum of lower-level cells may be larger than their parent cells total, due to cross-hierarchy LUT combining


