

================================================================
== Vitis HLS Report for 'compute_signals'
================================================================
* Date:           Fri Sep 18 05:05:39 2026

* Version:        2024.1 (Build 5069499 on May 21 2024)
* Project:        compute_signals
* Solution:       solution1 (Vivado IP Flow Target)
* Product family: zynq
* Target device:  xc7z020-clg400-1


================================================================
== Performance Estimates
================================================================
+ Timing: 
    * Summary: 
    +--------+---------+----------+------------+
    |  Clock |  Target | Estimated| Uncertainty|
    +--------+---------+----------+------------+
    |ap_clk  |  4.00 ns|  5.640 ns|     0.35 ns|
    +--------+---------+----------+------------+

+ Latency: 
    * Summary: 
    +---------+---------+----------+----------+-----+-----+-----------------------------------------------+
    |  Latency (cycles) |  Latency (absolute) |  Interval |                    Pipeline                   |
    |   min   |   max   |    min   |    max   | min | max |                      Type                     |
    +---------+---------+----------+----------+-----+-----+-----------------------------------------------+
    |        ?|        ?|         ?|         ?|    0|    0|  loop auto-rewind stp(delay=0 clock cycles(s))|
    +---------+---------+----------+----------+-----+-----+-----------------------------------------------+

    + Detail: 
        * Instance: 
        N/A

        * Loop: 
        +-------------------+---------+---------+----------+-----------+-----------+------+----------+
        |                   |  Latency (cycles) | Iteration|  Initiation Interval  | Trip |          |
        |     Loop Name     |   min   |   max   |  Latency |  achieved |   target  | Count| Pipelined|
        +-------------------+---------+---------+----------+-----------+-----------+------+----------+
        |- VITIS_LOOP_38_1  |        ?|        ?|        56|          1|          1|     ?|       yes|
        +-------------------+---------+---------+----------+-----------+-----------+------+----------+



================================================================
== Utilization Estimates
================================================================
* Summary: 
+-----------------+---------+-----+--------+-------+-----+
|       Name      | BRAM_18K| DSP |   FF   |  LUT  | URAM|
+-----------------+---------+-----+--------+-------+-----+
|DSP              |        -|    -|       -|      -|    -|
|Expression       |        -|    -|     314|  15757|    -|
|FIFO             |        -|    -|       -|      -|    -|
|Instance         |        -|   88|    1122|      0|    -|
|Memory           |        -|    -|       -|      -|    -|
|Multiplexer      |        -|    -|       0|     18|    -|
|Register         |        -|    -|   33986|   8224|    -|
+-----------------+---------+-----+--------+-------+-----+
|Total            |        0|   88|   35422|  23999|    0|
+-----------------+---------+-----+--------+-------+-----+
|Available        |      280|  220|  106400|  53200|    0|
+-----------------+---------+-----+--------+-------+-----+
|Utilization (%)  |        0|   40|      33|     45|    0|
+-----------------+---------+-----+--------+-------+-----+

+ Detail: 
    * Instance: 
    +--------------------------+----------------------+---------+----+----+----+-----+
    |         Instance         |        Module        | BRAM_18K| DSP| FF | LUT| URAM|
    +--------------------------+----------------------+---------+----+----+----+-----+
    |mul_32ns_32ns_64_5_1_U1   |mul_32ns_32ns_64_5_1  |        0|   4|  51|   0|    0|
    |mul_32ns_32ns_64_5_1_U2   |mul_32ns_32ns_64_5_1  |        0|   4|  51|   0|    0|
    |mul_32ns_32ns_64_5_1_U3   |mul_32ns_32ns_64_5_1  |        0|   4|  51|   0|    0|
    |mul_32ns_32ns_64_5_1_U4   |mul_32ns_32ns_64_5_1  |        0|   4|  51|   0|    0|
    |mul_32ns_32ns_64_5_1_U5   |mul_32ns_32ns_64_5_1  |        0|   4|  51|   0|    0|
    |mul_32ns_32ns_64_5_1_U6   |mul_32ns_32ns_64_5_1  |        0|   4|  51|   0|    0|
    |mul_32ns_32ns_64_5_1_U7   |mul_32ns_32ns_64_5_1  |        0|   4|  51|   0|    0|
    |mul_32ns_32ns_64_5_1_U8   |mul_32ns_32ns_64_5_1  |        0|   4|  51|   0|    0|
    |mul_32ns_32ns_64_5_1_U9   |mul_32ns_32ns_64_5_1  |        0|   4|  51|   0|    0|
    |mul_32ns_32ns_64_5_1_U10  |mul_32ns_32ns_64_5_1  |        0|   4|  51|   0|    0|
    |mul_32ns_32ns_64_5_1_U11  |mul_32ns_32ns_64_5_1  |        0|   4|  51|   0|    0|
    |mul_32ns_32ns_64_5_1_U12  |mul_32ns_32ns_64_5_1  |        0|   4|  51|   0|    0|
    |mul_32ns_32ns_64_5_1_U13  |mul_32ns_32ns_64_5_1  |        0|   4|  51|   0|    0|
    |mul_32ns_32ns_64_5_1_U14  |mul_32ns_32ns_64_5_1  |        0|   4|  51|   0|    0|
    |mul_32ns_32ns_64_5_1_U15  |mul_32ns_32ns_64_5_1  |        0|   4|  51|   0|    0|
    |mul_32ns_32ns_64_5_1_U16  |mul_32ns_32ns_64_5_1  |        0|   4|  51|   0|    0|
    |mul_32ns_32ns_64_5_1_U17  |mul_32ns_32ns_64_5_1  |        0|   4|  51|   0|    0|
    |mul_32ns_32ns_64_5_1_U18  |mul_32ns_32ns_64_5_1  |        0|   4|  51|   0|    0|
    |mul_32ns_32ns_64_5_1_U19  |mul_32ns_32ns_64_5_1  |        0|   4|  51|   0|    0|
    |mul_32ns_32ns_64_5_1_U20  |mul_32ns_32ns_64_5_1  |        0|   4|  51|   0|    0|
    |mul_36ns_32ns_68_5_1_U21  |mul_36ns_32ns_68_5_1  |        0|   4|  51|   0|    0|
    |mul_36ns_32ns_68_5_1_U22  |mul_36ns_32ns_68_5_1  |        0|   4|  51|   0|    0|
    +--------------------------+----------------------+---------+----+----+----+-----+
    |Total                     |                      |        0|  88|1122|   0|    0|
    +--------------------------+----------------------+---------+----+----+----+-----+

    * DSP: 
    N/A

    * Memory: 
    N/A

    * FIFO: 
    N/A

    * Expression: 
    +------------------------------------+----------+----+-----+-----+------------+------------+
    |            Variable Name           | Operation| DSP|  FF | LUT | Bitwidth P0| Bitwidth P1|
    +------------------------------------+----------+----+-----+-----+------------+------------+
    |add_ln68_fu_2966_p2                 |         +|   0|    0|   39|          32|          32|
    |ask_ps_11_fu_1669_p2                |         +|   0|    0|   74|          67|          67|
    |ask_ps_13_fu_1721_p2                |         +|   0|    0|   74|          67|          67|
    |ask_ps_15_fu_1767_p2                |         +|   0|    0|   75|          68|          68|
    |ask_ps_17_fu_1811_p2                |         +|   0|    0|   75|          68|          68|
    |ask_ps_1_fu_1387_p2                 |         +|   0|    0|   72|          65|          65|
    |ask_ps_3_fu_1449_p2                 |         +|   0|    0|   73|          66|          66|
    |ask_ps_5_fu_1509_p2                 |         +|   0|    0|   73|          66|          66|
    |ask_ps_7_fu_1571_p2                 |         +|   0|    0|   74|          67|          67|
    |ask_ps_9_fu_1631_p2                 |         +|   0|    0|   74|          67|          67|
    |ask_vol_11_fu_1482_p2               |         +|   0|    0|   42|          35|          35|
    |ask_vol_13_fu_1604_p2               |         +|   0|    0|   42|          35|          35|
    |ask_vol_15_fu_1693_p2               |         +|   0|    0|   43|          36|          36|
    |ask_vol_17_fu_1784_p2               |         +|   0|    0|   43|          36|          36|
    |ask_vol_1_fu_1126_p2                |         +|   0|    0|   40|          33|          33|
    |ask_vol_3_fu_1196_p2                |         +|   0|    0|   41|          34|          34|
    |ask_vol_5_fu_1242_p2                |         +|   0|    0|   41|          34|          34|
    |ask_vol_7_fu_1287_p2                |         +|   0|    0|   42|          35|          35|
    |ask_vol_9_fu_1346_p2                |         +|   0|    0|   42|          35|          35|
    |bid_ps_10_fu_1622_p2                |         +|   0|    0|   74|          67|          67|
    |bid_ps_12_fu_1660_p2                |         +|   0|    0|   74|          67|          67|
    |bid_ps_14_fu_1712_p2                |         +|   0|    0|   74|          67|          67|
    |bid_ps_16_fu_1758_p2                |         +|   0|    0|   75|          68|          68|
    |bid_ps_18_fu_1802_p2                |         +|   0|    0|   75|          68|          68|
    |bid_ps_2_fu_1378_p2                 |         +|   0|    0|   72|          65|          65|
    |bid_ps_4_fu_1440_p2                 |         +|   0|    0|   73|          66|          66|
    |bid_ps_6_fu_1500_p2                 |         +|   0|    0|   73|          66|          66|
    |bid_ps_8_fu_1562_p2                 |         +|   0|    0|   74|          67|          67|
    |bid_vol_10_fu_1338_p2               |         +|   0|    0|   42|          35|          35|
    |bid_vol_12_fu_1474_p2               |         +|   0|    0|   42|          35|          35|
    |bid_vol_14_fu_1596_p2               |         +|   0|    0|   42|          35|          35|
    |bid_vol_16_fu_1684_p2               |         +|   0|    0|   43|          36|          36|
    |bid_vol_18_fu_1776_p2               |         +|   0|    0|   43|          36|          36|
    |bid_vol_2_fu_1110_p2                |         +|   0|    0|   40|          33|          33|
    |bid_vol_4_fu_1180_p2                |         +|   0|    0|   41|          34|          34|
    |bid_vol_6_fu_1228_p2                |         +|   0|    0|   41|          34|          34|
    |bid_vol_8_fu_1278_p2                |         +|   0|    0|   42|          35|          35|
    |mp_num_fu_2970_p2                   |         +|   0|  314|   73|          69|          69|
    |total_vol_fu_2616_p2                |         +|   0|    0|   44|          37|          37|
    |diff_100_fu_3709_p2                 |         -|   0|    0|   46|          39|          39|
    |diff_101_fu_3856_p2                 |         -|   0|    0|   46|          39|          39|
    |diff_102_fu_4012_p2                 |         -|   0|    0|   46|          39|          39|
    |diff_103_fu_4159_p2                 |         -|   0|    0|   46|          39|          39|
    |diff_104_fu_4315_p2                 |         -|   0|    0|   46|          39|          39|
    |diff_105_fu_4462_p2                 |         -|   0|    0|   46|          39|          39|
    |diff_106_fu_4618_p2                 |         -|   0|    0|   46|          39|          39|
    |diff_107_fu_4765_p2                 |         -|   0|    0|   46|          39|          39|
    |diff_108_fu_4921_p2                 |         -|   0|    0|   46|          39|          39|
    |diff_109_fu_5068_p2                 |         -|   0|    0|   46|          39|          39|
    |diff_10_fu_5399_p2                  |         -|   0|    0|   47|          40|          40|
    |diff_110_fu_5224_p2                 |         -|   0|    0|   46|          39|          39|
    |diff_111_fu_5371_p2                 |         -|   0|    0|   46|          39|          39|
    |diff_112_fu_5527_p2                 |         -|   0|    0|   46|          39|          39|
    |diff_113_fu_5674_p2                 |         -|   0|    0|   46|          39|          39|
    |diff_114_fu_5830_p2                 |         -|   0|    0|   46|          39|          39|
    |diff_115_fu_5977_p2                 |         -|   0|    0|   46|          39|          39|
    |diff_116_fu_6133_p2                 |         -|   0|    0|   46|          39|          39|
    |diff_117_fu_6280_p2                 |         -|   0|    0|   46|          39|          39|
    |diff_118_fu_6436_p2                 |         -|   0|    0|   46|          39|          39|
    |diff_119_fu_6583_p2                 |         -|   0|    0|   46|          39|          39|
    |diff_11_fu_5702_p2                  |         -|   0|    0|   47|          40|          40|
    |diff_120_fu_6739_p2                 |         -|   0|    0|   46|          39|          39|
    |diff_121_fu_6886_p2                 |         -|   0|    0|   46|          39|          39|
    |diff_122_fu_7042_p2                 |         -|   0|    0|   46|          39|          39|
    |diff_123_fu_7179_p2                 |         -|   0|    0|   46|          39|          39|
    |diff_124_fu_7327_p2                 |         -|   0|    0|   46|          39|          39|
    |diff_125_fu_7466_p2                 |         -|   0|    0|   46|          39|          39|
    |diff_126_fu_7614_p2                 |         -|   0|    0|   46|          39|          39|
    |diff_127_fu_7770_p2                 |         -|   0|    0|   46|          39|          39|
    |diff_128_fu_8032_p2                 |         -|   0|    0|   46|          39|          39|
    |diff_129_fu_8164_p2                 |         -|   0|    0|   46|          39|          39|
    |diff_12_fu_6005_p2                  |         -|   0|    0|   47|          40|          40|
    |diff_130_fu_8912_p2                 |         -|   0|    0|   46|          39|          39|
    |diff_13_fu_6308_p2                  |         -|   0|    0|   47|          40|          40|
    |diff_14_fu_6611_p2                  |         -|   0|    0|   47|          40|          40|
    |diff_15_fu_6914_p2                  |         -|   0|    0|   47|          40|          40|
    |diff_16_fu_7203_p2                  |         -|   0|    0|   47|          40|          40|
    |diff_17_fu_7490_p2                  |         -|   0|    0|   47|          40|          40|
    |diff_18_fu_7654_p2                  |         -|   0|    0|   47|          40|          40|
    |diff_19_fu_3364_p2                  |         -|   0|    0|   46|          39|          39|
    |diff_1_fu_2630_p2                   |         -|   0|    0|   43|          36|          36|
    |diff_20_fu_3620_p2                  |         -|   0|    0|   47|          40|          40|
    |diff_21_fu_3768_p2                  |         -|   0|    0|   47|          40|          40|
    |diff_22_fu_3924_p2                  |         -|   0|    0|   47|          40|          40|
    |diff_23_fu_4071_p2                  |         -|   0|    0|   47|          40|          40|
    |diff_24_fu_4227_p2                  |         -|   0|    0|   47|          40|          40|
    |diff_25_fu_4374_p2                  |         -|   0|    0|   47|          40|          40|
    |diff_26_fu_4530_p2                  |         -|   0|    0|   47|          40|          40|
    |diff_27_fu_4677_p2                  |         -|   0|    0|   47|          40|          40|
    |diff_28_fu_4833_p2                  |         -|   0|    0|   47|          40|          40|
    |diff_29_fu_4980_p2                  |         -|   0|    0|   47|          40|          40|
    |diff_2_fu_2837_p2                   |         -|   0|    0|   45|          38|          38|
    |diff_30_fu_5136_p2                  |         -|   0|    0|   47|          40|          40|
    |diff_31_fu_5283_p2                  |         -|   0|    0|   47|          40|          40|
    |diff_32_fu_5439_p2                  |         -|   0|    0|   47|          40|          40|
    |diff_33_fu_5586_p2                  |         -|   0|    0|   47|          40|          40|
    |diff_34_fu_5742_p2                  |         -|   0|    0|   47|          40|          40|
    |diff_35_fu_5889_p2                  |         -|   0|    0|   47|          40|          40|
    |diff_36_fu_6045_p2                  |         -|   0|    0|   47|          40|          40|
    |diff_37_fu_6192_p2                  |         -|   0|    0|   47|          40|          40|
    |diff_38_fu_6348_p2                  |         -|   0|    0|   47|          40|          40|
    |diff_39_fu_6495_p2                  |         -|   0|    0|   47|          40|          40|
    |diff_3_fu_3336_p2                   |         -|   0|    0|   46|          39|          39|
    |diff_40_fu_6651_p2                  |         -|   0|    0|   47|          40|          40|
    |diff_41_fu_6798_p2                  |         -|   0|    0|   47|          40|          40|
    |diff_42_fu_6954_p2                  |         -|   0|    0|   47|          40|          40|
    |diff_43_fu_7101_p2                  |         -|   0|    0|   47|          40|          40|
    |diff_44_fu_7243_p2                  |         -|   0|    0|   47|          40|          40|
    |diff_45_fu_7382_p2                  |         -|   0|    0|   47|          40|          40|
    |diff_46_fu_7530_p2                  |         -|   0|    0|   47|          40|          40|
    |diff_47_fu_7686_p2                  |         -|   0|    0|   47|          40|          40|
    |diff_48_fu_7948_p2                  |         -|   0|    0|   47|          40|          40|
    |diff_49_fu_8084_p2                  |         -|   0|    0|   47|          40|          40|
    |diff_4_fu_3591_p2                   |         -|   0|    0|   47|          40|          40|
    |diff_50_fu_8374_p2                  |         -|   0|    0|   47|          40|          40|
    |diff_51_fu_1855_p2                  |         -|   0|    0|   45|          38|          38|
    |diff_52_fu_2455_p2                  |         -|   0|    0|   46|          39|          39|
    |diff_53_fu_2549_p2                  |         -|   0|    0|   46|          39|          39|
    |diff_54_fu_2666_p2                  |         -|   0|    0|   46|          39|          39|
    |diff_55_fu_2770_p2                  |         -|   0|    0|   46|          39|          39|
    |diff_56_fu_2890_p2                  |         -|   0|    0|   46|          39|          39|
    |diff_57_fu_3261_p2                  |         -|   0|    0|   46|          39|          39|
    |diff_58_fu_3409_p2                  |         -|   0|    0|   46|          39|          39|
    |diff_59_fu_3511_p2                  |         -|   0|    0|   46|          39|          39|
    |diff_5_fu_3884_p2                   |         -|   0|    0|   47|          40|          40|
    |diff_60_fu_3665_p2                  |         -|   0|    0|   46|          39|          39|
    |diff_61_fu_3812_p2                  |         -|   0|    0|   46|          39|          39|
    |diff_62_fu_3968_p2                  |         -|   0|    0|   46|          39|          39|
    |diff_63_fu_4115_p2                  |         -|   0|    0|   46|          39|          39|
    |diff_64_fu_4271_p2                  |         -|   0|    0|   46|          39|          39|
    |diff_65_fu_4418_p2                  |         -|   0|    0|   46|          39|          39|
    |diff_66_fu_4574_p2                  |         -|   0|    0|   46|          39|          39|
    |diff_67_fu_4721_p2                  |         -|   0|    0|   46|          39|          39|
    |diff_68_fu_4877_p2                  |         -|   0|    0|   46|          39|          39|
    |diff_69_fu_5024_p2                  |         -|   0|    0|   46|          39|          39|
    |diff_6_fu_4187_p2                   |         -|   0|    0|   47|          40|          40|
    |diff_70_fu_5180_p2                  |         -|   0|    0|   46|          39|          39|
    |diff_71_fu_5327_p2                  |         -|   0|    0|   46|          39|          39|
    |diff_72_fu_5483_p2                  |         -|   0|    0|   46|          39|          39|
    |diff_73_fu_5630_p2                  |         -|   0|    0|   46|          39|          39|
    |diff_74_fu_5786_p2                  |         -|   0|    0|   46|          39|          39|
    |diff_75_fu_5933_p2                  |         -|   0|    0|   46|          39|          39|
    |diff_76_fu_6089_p2                  |         -|   0|    0|   46|          39|          39|
    |diff_77_fu_6236_p2                  |         -|   0|    0|   46|          39|          39|
    |diff_78_fu_6392_p2                  |         -|   0|    0|   46|          39|          39|
    |diff_79_fu_6539_p2                  |         -|   0|    0|   46|          39|          39|
    |diff_7_fu_4490_p2                   |         -|   0|    0|   47|          40|          40|
    |diff_80_fu_6695_p2                  |         -|   0|    0|   46|          39|          39|
    |diff_81_fu_6842_p2                  |         -|   0|    0|   46|          39|          39|
    |diff_82_fu_6998_p2                  |         -|   0|    0|   46|          39|          39|
    |diff_83_fu_7142_p2                  |         -|   0|    0|   46|          39|          39|
    |diff_84_fu_7287_p2                  |         -|   0|    0|   46|          39|          39|
    |diff_85_fu_7426_p2                  |         -|   0|    0|   46|          39|          39|
    |diff_86_fu_7574_p2                  |         -|   0|    0|   46|          39|          39|
    |diff_87_fu_7730_p2                  |         -|   0|    0|   46|          39|          39|
    |diff_88_fu_7992_p2                  |         -|   0|    0|   46|          39|          39|
    |diff_89_fu_8124_p2                  |         -|   0|    0|   46|          39|          39|
    |diff_8_fu_4793_p2                   |         -|   0|    0|   47|          40|          40|
    |diff_90_fu_8643_p2                  |         -|   0|    0|   46|          39|          39|
    |diff_91_fu_2135_p2                  |         -|   0|    0|   45|          38|          38|
    |diff_92_fu_2496_p2                  |         -|   0|    0|   46|          39|          39|
    |diff_93_fu_2593_p2                  |         -|   0|    0|   46|          39|          39|
    |diff_94_fu_2715_p2                  |         -|   0|    0|   46|          39|          39|
    |diff_95_fu_2814_p2                  |         -|   0|    0|   46|          39|          39|
    |diff_96_fu_2934_p2                  |         -|   0|    0|   46|          39|          39|
    |diff_97_fu_3305_p2                  |         -|   0|    0|   46|          39|          39|
    |diff_98_fu_3453_p2                  |         -|   0|    0|   46|          39|          39|
    |diff_99_fu_3555_p2                  |         -|   0|    0|   46|          39|          39|
    |diff_9_fu_5096_p2                   |         -|   0|    0|   47|          40|          40|
    |diff_fu_2626_p2                     |         -|   0|    0|   43|          36|          36|
    |imbalance_2_fu_8048_p2              |         -|   0|    0|   25|           1|          18|
    |spread_fu_2428_p2                   |         -|   0|    0|   39|          32|          32|
    |and_ln70_1_fu_8180_p2               |       and|   0|    0|    2|           1|           1|
    |and_ln70_fu_1351_p2                 |       and|   0|    0|    2|           1|           1|
    |and_ln75_fu_2423_p2                 |       and|   0|    0|    2|           1|           1|
    |ap_block_state1_pp0_stage0_iter0    |       and|   0|    0|    2|           1|           1|
    |tmp_nbreadreq_fu_412_p3             |       and|   0|    0|    2|           1|           0|
    |icmp_ln54_fu_2622_p2                |      icmp|   0|    0|   43|          36|          36|
    |icmp_ln57_fu_3572_p2                |      icmp|   0|    0|   44|          37|           1|
    |icmp_ln70_fu_3605_p2                |      icmp|   0|    0|   44|          37|           1|
    |icmp_ln75_fu_2413_p2                |      icmp|   0|    0|   39|          32|          32|
    |icmp_ln93_fu_2634_p2                |      icmp|   0|    0|   43|          36|           1|
    |icmp_ln94_fu_2683_p2                |      icmp|   0|    0|   43|          36|           1|
    |ap_block_pp0_stage0_01001           |        or|   0|    0|    2|           1|           1|
    |ap_block_pp0_stage0_11001           |        or|   0|    0|    2|           1|           1|
    |ap_block_state55_pp0_stage0_iter54  |        or|   0|    0|    2|           1|           1|
    |ask_ps_10_fu_1652_p3                |    select|   0|    0|   67|           1|          67|
    |ask_ps_12_fu_1704_p3                |    select|   0|    0|   67|           1|          67|
    |ask_ps_14_fu_1746_p3                |    select|   0|    0|   67|           1|          67|
    |ask_ps_16_fu_1794_p3                |    select|   0|    0|   68|           1|          68|
    |ask_ps_18_fu_1832_p3                |    select|   0|    0|   68|           1|          68|
    |ask_ps_2_fu_1428_p3                 |    select|   0|    0|   65|           1|          65|
    |ask_ps_4_fu_1492_p3                 |    select|   0|    0|   66|           1|          66|
    |ask_ps_6_fu_1550_p3                 |    select|   0|    0|   66|           1|          66|
    |ask_ps_8_fu_1614_p3                 |    select|   0|    0|   67|           1|          67|
    |ask_ps_fu_1365_p3                   |    select|   0|    0|   64|           1|          64|
    |ask_vol_10_fu_1414_p3               |    select|   0|    0|   35|           1|          35|
    |ask_vol_12_fu_1536_p3               |    select|   0|    0|   35|           1|          35|
    |ask_vol_14_fu_1642_p3               |    select|   0|    0|   35|           1|          35|
    |ask_vol_16_fu_1732_p3               |    select|   0|    0|   36|           1|          36|
    |ask_vol_18_fu_1822_p3               |    select|   0|    0|   36|           1|          36|
    |ask_vol_2_fu_1132_p3                |    select|   0|    0|   33|           1|          33|
    |ask_vol_4_fu_1202_p3                |    select|   0|    0|   34|           1|          34|
    |ask_vol_6_fu_1247_p3                |    select|   0|    0|   34|           1|          34|
    |ask_vol_8_fu_1314_p3                |    select|   0|    0|   35|           1|          35|
    |ask_vol_fu_1083_p3                  |    select|   0|    0|   32|           1|          32|
    |bid_ps_11_fu_1647_p3                |    select|   0|    0|   67|           1|          67|
    |bid_ps_13_fu_1699_p3                |    select|   0|    0|   67|           1|          67|
    |bid_ps_15_fu_1737_p3                |    select|   0|    0|   67|           1|          67|
    |bid_ps_17_fu_1789_p3                |    select|   0|    0|   68|           1|          68|
    |bid_ps_19_fu_1827_p3                |    select|   0|    0|   68|           1|          68|
    |bid_ps_1_fu_1355_p3                 |    select|   0|    0|   64|           1|          64|
    |bid_ps_3_fu_1419_p3                 |    select|   0|    0|   65|           1|          65|
    |bid_ps_5_fu_1487_p3                 |    select|   0|    0|   66|           1|          66|
    |bid_ps_7_fu_1541_p3                 |    select|   0|    0|   66|           1|          66|
    |bid_ps_9_fu_1609_p3                 |    select|   0|    0|   67|           1|          67|
    |bid_vol_11_fu_1409_p3               |    select|   0|    0|   35|           1|          35|
    |bid_vol_13_fu_1531_p3               |    select|   0|    0|   35|           1|          35|
    |bid_vol_15_fu_1637_p3               |    select|   0|    0|   35|           1|          35|
    |bid_vol_17_fu_1727_p3               |    select|   0|    0|   36|           1|          36|
    |bid_vol_19_fu_1817_p3               |    select|   0|    0|   36|           1|          36|
    |bid_vol_1_fu_1075_p3                |    select|   0|    0|   32|           1|          32|
    |bid_vol_3_fu_1116_p3                |    select|   0|    0|   33|           1|          33|
    |bid_vol_5_fu_1186_p3                |    select|   0|    0|   34|           1|          34|
    |bid_vol_7_fu_1233_p3                |    select|   0|    0|   34|           1|          34|
    |bid_vol_9_fu_1309_p3                |    select|   0|    0|   35|           1|          35|
    |empty_35_fu_9014_p3                 |    select|   0|    0|   32|           1|           1|
    |empty_fu_9006_p3                    |    select|   0|    0|   32|           1|          32|
    |imbalance_fu_8054_p3                |    select|   0|    0|   18|           1|          18|
    |q_4_fu_7914_p3                      |    select|   0|    0|   17|           1|           1|
    |rem_100_fu_4597_p3                  |    select|   0|    0|   37|           1|          37|
    |rem_101_fu_4744_p3                  |    select|   0|    0|   37|           1|          37|
    |rem_102_fu_4900_p3                  |    select|   0|    0|   37|           1|          37|
    |rem_103_fu_5047_p3                  |    select|   0|    0|   37|           1|          37|
    |rem_104_fu_5203_p3                  |    select|   0|    0|   37|           1|          37|
    |rem_105_fu_5350_p3                  |    select|   0|    0|   37|           1|          37|
    |rem_106_fu_5506_p3                  |    select|   0|    0|   37|           1|          37|
    |rem_107_fu_5653_p3                  |    select|   0|    0|   37|           1|          37|
    |rem_108_fu_5809_p3                  |    select|   0|    0|   37|           1|          37|
    |rem_109_fu_5956_p3                  |    select|   0|    0|   37|           1|          37|
    |rem_10_fu_6158_p3                   |    select|   0|    0|   38|           1|          38|
    |rem_110_fu_6112_p3                  |    select|   0|    0|   37|           1|          37|
    |rem_111_fu_6259_p3                  |    select|   0|    0|   37|           1|          37|
    |rem_112_fu_6415_p3                  |    select|   0|    0|   37|           1|          37|
    |rem_113_fu_6562_p3                  |    select|   0|    0|   37|           1|          37|
    |rem_114_fu_6718_p3                  |    select|   0|    0|   37|           1|          37|
    |rem_115_fu_6865_p3                  |    select|   0|    0|   37|           1|          37|
    |rem_116_fu_7021_p3                  |    select|   0|    0|   37|           1|          37|
    |rem_117_fu_7161_p3                  |    select|   0|    0|   37|           1|          37|
    |rem_118_fu_7308_p3                  |    select|   0|    0|   37|           1|          37|
    |rem_119_fu_7447_p3                  |    select|   0|    0|   37|           1|          37|
    |rem_11_fu_6461_p3                   |    select|   0|    0|   38|           1|          38|
    |rem_120_fu_7595_p3                  |    select|   0|    0|   37|           1|          37|
    |rem_121_fu_7751_p3                  |    select|   0|    0|   37|           1|          37|
    |rem_122_fu_8013_p3                  |    select|   0|    0|   37|           1|          37|
    |rem_123_fu_8145_p3                  |    select|   0|    0|   37|           1|          37|
    |rem_124_fu_8888_p3                  |    select|   0|    0|   37|           1|          37|
    |rem_12_fu_6764_p3                   |    select|   0|    0|   38|           1|          38|
    |rem_13_fu_7067_p3                   |    select|   0|    0|   38|           1|          38|
    |rem_14_fu_7348_p3                   |    select|   0|    0|   38|           1|          38|
    |rem_15_fu_7635_p3                   |    select|   0|    0|   38|           1|          38|
    |rem_16_fu_3475_p3                   |    select|   0|    0|   38|           1|          38|
    |rem_17_fu_3747_p3                   |    select|   0|    0|   38|           1|          38|
    |rem_18_fu_3903_p3                   |    select|   0|    0|   38|           1|          38|
    |rem_19_fu_4050_p3                   |    select|   0|    0|   38|           1|          38|
    |rem_1_fu_3470_p3                    |    select|   0|    0|   38|           1|          38|
    |rem_20_fu_4206_p3                   |    select|   0|    0|   38|           1|          38|
    |rem_21_fu_4353_p3                   |    select|   0|    0|   38|           1|          38|
    |rem_22_fu_4509_p3                   |    select|   0|    0|   38|           1|          38|
    |rem_23_fu_4656_p3                   |    select|   0|    0|   38|           1|          38|
    |rem_24_fu_4812_p3                   |    select|   0|    0|   38|           1|          38|
    |rem_25_fu_4959_p3                   |    select|   0|    0|   38|           1|          38|
    |rem_26_fu_5115_p3                   |    select|   0|    0|   38|           1|          38|
    |rem_27_fu_5262_p3                   |    select|   0|    0|   38|           1|          38|
    |rem_28_fu_5418_p3                   |    select|   0|    0|   38|           1|          38|
    |rem_29_fu_5565_p3                   |    select|   0|    0|   38|           1|          38|
    |rem_2_fu_3734_p3                    |    select|   0|    0|   38|           1|          38|
    |rem_30_fu_5721_p3                   |    select|   0|    0|   38|           1|          38|
    |rem_31_fu_5868_p3                   |    select|   0|    0|   38|           1|          38|
    |rem_32_fu_6024_p3                   |    select|   0|    0|   38|           1|          38|
    |rem_33_fu_6171_p3                   |    select|   0|    0|   38|           1|          38|
    |rem_34_fu_6327_p3                   |    select|   0|    0|   38|           1|          38|
    |rem_35_fu_6474_p3                   |    select|   0|    0|   38|           1|          38|
    |rem_36_fu_6630_p3                   |    select|   0|    0|   38|           1|          38|
    |rem_37_fu_6777_p3                   |    select|   0|    0|   38|           1|          38|
    |rem_38_fu_6933_p3                   |    select|   0|    0|   38|           1|          38|
    |rem_39_fu_7080_p3                   |    select|   0|    0|   38|           1|          38|
    |rem_3_fu_4037_p3                    |    select|   0|    0|   38|           1|          38|
    |rem_40_fu_7222_p3                   |    select|   0|    0|   38|           1|          38|
    |rem_41_fu_7361_p3                   |    select|   0|    0|   38|           1|          38|
    |rem_42_fu_7509_p3                   |    select|   0|    0|   38|           1|          38|
    |rem_43_fu_7665_p3                   |    select|   0|    0|   38|           1|          38|
    |rem_44_fu_7927_p3                   |    select|   0|    0|   38|           1|          38|
    |rem_45_fu_8067_p3                   |    select|   0|    0|   38|           1|          38|
    |rem_46_fu_8347_p3                   |    select|   0|    0|   38|           1|          38|
    |rem_47_fu_2435_p3                   |    select|   0|    0|   37|           1|          37|
    |rem_48_fu_2528_p3                   |    select|   0|    0|   37|           1|          37|
    |rem_49_fu_2645_p3                   |    select|   0|    0|   37|           1|          37|
    |rem_4_fu_4340_p3                    |    select|   0|    0|   38|           1|          38|
    |rem_50_fu_2749_p3                   |    select|   0|    0|   37|           1|          37|
    |rem_51_fu_2869_p3                   |    select|   0|    0|   37|           1|          37|
    |rem_52_fu_3240_p3                   |    select|   0|    0|   37|           1|          37|
    |rem_53_fu_3388_p3                   |    select|   0|    0|   37|           1|          37|
    |rem_54_fu_3490_p3                   |    select|   0|    0|   37|           1|          37|
    |rem_55_fu_3644_p3                   |    select|   0|    0|   37|           1|          37|
    |rem_56_fu_3791_p3                   |    select|   0|    0|   37|           1|          37|
    |rem_57_fu_3947_p3                   |    select|   0|    0|   37|           1|          37|
    |rem_58_fu_4094_p3                   |    select|   0|    0|   37|           1|          37|
    |rem_59_fu_4250_p3                   |    select|   0|    0|   37|           1|          37|
    |rem_5_fu_4643_p3                    |    select|   0|    0|   38|           1|          38|
    |rem_60_fu_4397_p3                   |    select|   0|    0|   37|           1|          37|
    |rem_61_fu_4553_p3                   |    select|   0|    0|   37|           1|          37|
    |rem_62_fu_4700_p3                   |    select|   0|    0|   37|           1|          37|
    |rem_63_fu_4856_p3                   |    select|   0|    0|   37|           1|          37|
    |rem_64_fu_5003_p3                   |    select|   0|    0|   37|           1|          37|
    |rem_65_fu_5159_p3                   |    select|   0|    0|   37|           1|          37|
    |rem_66_fu_5306_p3                   |    select|   0|    0|   37|           1|          37|
    |rem_67_fu_5462_p3                   |    select|   0|    0|   37|           1|          37|
    |rem_68_fu_5609_p3                   |    select|   0|    0|   37|           1|          37|
    |rem_69_fu_5765_p3                   |    select|   0|    0|   37|           1|          37|
    |rem_6_fu_4946_p3                    |    select|   0|    0|   38|           1|          38|
    |rem_70_fu_5912_p3                   |    select|   0|    0|   37|           1|          37|
    |rem_71_fu_6068_p3                   |    select|   0|    0|   37|           1|          37|
    |rem_72_fu_6215_p3                   |    select|   0|    0|   37|           1|          37|
    |rem_73_fu_6371_p3                   |    select|   0|    0|   37|           1|          37|
    |rem_74_fu_6518_p3                   |    select|   0|    0|   37|           1|          37|
    |rem_75_fu_6674_p3                   |    select|   0|    0|   37|           1|          37|
    |rem_76_fu_6821_p3                   |    select|   0|    0|   37|           1|          37|
    |rem_77_fu_6977_p3                   |    select|   0|    0|   37|           1|          37|
    |rem_78_fu_7124_p3                   |    select|   0|    0|   37|           1|          37|
    |rem_79_fu_7268_p3                   |    select|   0|    0|   37|           1|          37|
    |rem_7_fu_5249_p3                    |    select|   0|    0|   38|           1|          38|
    |rem_80_fu_7407_p3                   |    select|   0|    0|   37|           1|          37|
    |rem_81_fu_7555_p3                   |    select|   0|    0|   37|           1|          37|
    |rem_82_fu_7711_p3                   |    select|   0|    0|   37|           1|          37|
    |rem_83_fu_7973_p3                   |    select|   0|    0|   37|           1|          37|
    |rem_84_fu_8105_p3                   |    select|   0|    0|   37|           1|          37|
    |rem_85_fu_8619_p3                   |    select|   0|    0|   37|           1|          37|
    |rem_86_fu_2476_p3                   |    select|   0|    0|   37|           1|          37|
    |rem_87_fu_2572_p3                   |    select|   0|    0|   37|           1|          37|
    |rem_88_fu_2694_p3                   |    select|   0|    0|   37|           1|          37|
    |rem_89_fu_2793_p3                   |    select|   0|    0|   37|           1|          37|
    |rem_8_fu_5552_p3                    |    select|   0|    0|   38|           1|          38|
    |rem_90_fu_2913_p3                   |    select|   0|    0|   37|           1|          37|
    |rem_91_fu_3284_p3                   |    select|   0|    0|   37|           1|          37|
    |rem_92_fu_3432_p3                   |    select|   0|    0|   37|           1|          37|
    |rem_93_fu_3534_p3                   |    select|   0|    0|   37|           1|          37|
    |rem_94_fu_3688_p3                   |    select|   0|    0|   37|           1|          37|
    |rem_95_fu_3835_p3                   |    select|   0|    0|   37|           1|          37|
    |rem_96_fu_3991_p3                   |    select|   0|    0|   37|           1|          37|
    |rem_97_fu_4138_p3                   |    select|   0|    0|   37|           1|          37|
    |rem_98_fu_4294_p3                   |    select|   0|    0|   37|           1|          37|
    |rem_99_fu_4441_p3                   |    select|   0|    0|   37|           1|          37|
    |rem_9_fu_5855_p3                    |    select|   0|    0|   38|           1|          38|
    |rem_fu_2954_p3                      |    select|   0|    0|   37|           1|          37|
    |select_ln55_fu_2737_p3              |    select|   0|    0|   36|           1|          36|
    |select_ln75_fu_2514_p3              |    select|   0|    0|   32|           1|          32|
    |vwap_ask_2_fu_8999_p3               |    select|   0|    0|   32|           1|           1|
    |ap_enable_pp0                       |       xor|   0|    0|    2|           1|           2|
    |bid_heavy_fu_2732_p2                |       xor|   0|    0|    2|           1|           2|
    |xor_ln20_100_fu_8825_p2             |       xor|   0|    0|    2|           1|           2|
    |xor_ln20_101_fu_8830_p2             |       xor|   0|    0|    2|           1|           2|
    |xor_ln20_102_fu_8835_p2             |       xor|   0|    0|    2|           1|           2|
    |xor_ln20_103_fu_8840_p2             |       xor|   0|    0|    2|           1|           2|
    |xor_ln20_104_fu_8845_p2             |       xor|   0|    0|    2|           1|           2|
    |xor_ln20_105_fu_8850_p2             |       xor|   0|    0|    2|           1|           2|
    |xor_ln20_106_fu_8855_p2             |       xor|   0|    0|    2|           1|           2|
    |xor_ln20_107_fu_8860_p2             |       xor|   0|    0|    2|           1|           2|
    |xor_ln20_108_fu_8865_p2             |       xor|   0|    0|    2|           1|           2|
    |xor_ln20_109_fu_8870_p2             |       xor|   0|    0|    2|           1|           2|
    |xor_ln20_10_fu_7833_p2              |       xor|   0|    0|    2|           1|           2|
    |xor_ln20_110_fu_8875_p2             |       xor|   0|    0|    2|           1|           2|
    |xor_ln20_111_fu_8895_p2             |       xor|   0|    0|    2|           1|           2|
    |xor_ln20_112_fu_8925_p2             |       xor|   0|    0|    2|           1|           2|
    |xor_ln20_11_fu_7838_p2              |       xor|   0|    0|    2|           1|           2|
    |xor_ln20_12_fu_7843_p2              |       xor|   0|    0|    2|           1|           2|
    |xor_ln20_13_fu_7848_p2              |       xor|   0|    0|    2|           1|           2|
    |xor_ln20_14_fu_7853_p2              |       xor|   0|    0|    2|           1|           2|
    |xor_ln20_15_fu_7858_p2              |       xor|   0|    0|    2|           1|           2|
    |xor_ln20_16_fu_7870_p2              |       xor|   0|    0|    2|           1|           2|
    |xor_ln20_17_fu_8184_p2              |       xor|   0|    0|    2|           1|           2|
    |xor_ln20_18_fu_8189_p2              |       xor|   0|    0|    2|           1|           2|
    |xor_ln20_19_fu_8194_p2              |       xor|   0|    0|    2|           1|           2|
    |xor_ln20_1_fu_7788_p2               |       xor|   0|    0|    2|           1|           2|
    |xor_ln20_20_fu_8199_p2              |       xor|   0|    0|    2|           1|           2|
    |xor_ln20_21_fu_8204_p2              |       xor|   0|    0|    2|           1|           2|
    |xor_ln20_22_fu_8209_p2              |       xor|   0|    0|    2|           1|           2|
    |xor_ln20_23_fu_8214_p2              |       xor|   0|    0|    2|           1|           2|
    |xor_ln20_24_fu_8219_p2              |       xor|   0|    0|    2|           1|           2|
    |xor_ln20_25_fu_8224_p2              |       xor|   0|    0|    2|           1|           2|
    |xor_ln20_26_fu_8229_p2              |       xor|   0|    0|    2|           1|           2|
    |xor_ln20_27_fu_8234_p2              |       xor|   0|    0|    2|           1|           2|
    |xor_ln20_28_fu_8239_p2              |       xor|   0|    0|    2|           1|           2|
    |xor_ln20_29_fu_8244_p2              |       xor|   0|    0|    2|           1|           2|
    |xor_ln20_2_fu_7793_p2               |       xor|   0|    0|    2|           1|           2|
    |xor_ln20_30_fu_8249_p2              |       xor|   0|    0|    2|           1|           2|
    |xor_ln20_31_fu_8254_p2              |       xor|   0|    0|    2|           1|           2|
    |xor_ln20_32_fu_8259_p2              |       xor|   0|    0|    2|           1|           2|
    |xor_ln20_33_fu_8264_p2              |       xor|   0|    0|    2|           1|           2|
    |xor_ln20_34_fu_8269_p2              |       xor|   0|    0|    2|           1|           2|
    |xor_ln20_35_fu_8274_p2              |       xor|   0|    0|    2|           1|           2|
    |xor_ln20_36_fu_8279_p2              |       xor|   0|    0|    2|           1|           2|
    |xor_ln20_37_fu_8284_p2              |       xor|   0|    0|    2|           1|           2|
    |xor_ln20_38_fu_8289_p2              |       xor|   0|    0|    2|           1|           2|
    |xor_ln20_39_fu_8294_p2              |       xor|   0|    0|    2|           1|           2|
    |xor_ln20_3_fu_7798_p2               |       xor|   0|    0|    2|           1|           2|
    |xor_ln20_40_fu_8299_p2              |       xor|   0|    0|    2|           1|           2|
    |xor_ln20_41_fu_8304_p2              |       xor|   0|    0|    2|           1|           2|
    |xor_ln20_42_fu_8309_p2              |       xor|   0|    0|    2|           1|           2|
    |xor_ln20_43_fu_8314_p2              |       xor|   0|    0|    2|           1|           2|
    |xor_ln20_44_fu_8319_p2              |       xor|   0|    0|    2|           1|           2|
    |xor_ln20_45_fu_8324_p2              |       xor|   0|    0|    2|           1|           2|
    |xor_ln20_46_fu_8329_p2              |       xor|   0|    0|    2|           1|           2|
    |xor_ln20_47_fu_8354_p2              |       xor|   0|    0|    2|           1|           2|
    |xor_ln20_48_fu_8387_p2              |       xor|   0|    0|    2|           1|           2|
    |xor_ln20_49_fu_8461_p2              |       xor|   0|    0|    2|           1|           2|
    |xor_ln20_4_fu_7803_p2               |       xor|   0|    0|    2|           1|           2|
    |xor_ln20_50_fu_8466_p2              |       xor|   0|    0|    2|           1|           2|
    |xor_ln20_51_fu_8471_p2              |       xor|   0|    0|    2|           1|           2|
    |xor_ln20_52_fu_8476_p2              |       xor|   0|    0|    2|           1|           2|
    |xor_ln20_53_fu_8481_p2              |       xor|   0|    0|    2|           1|           2|
    |xor_ln20_54_fu_8486_p2              |       xor|   0|    0|    2|           1|           2|
    |xor_ln20_55_fu_8491_p2              |       xor|   0|    0|    2|           1|           2|
    |xor_ln20_56_fu_8496_p2              |       xor|   0|    0|    2|           1|           2|
    |xor_ln20_57_fu_8501_p2              |       xor|   0|    0|    2|           1|           2|
    |xor_ln20_58_fu_8506_p2              |       xor|   0|    0|    2|           1|           2|
    |xor_ln20_59_fu_8511_p2              |       xor|   0|    0|    2|           1|           2|
    |xor_ln20_5_fu_7808_p2               |       xor|   0|    0|    2|           1|           2|
    |xor_ln20_60_fu_8516_p2              |       xor|   0|    0|    2|           1|           2|
    |xor_ln20_61_fu_8521_p2              |       xor|   0|    0|    2|           1|           2|
    |xor_ln20_62_fu_8526_p2              |       xor|   0|    0|    2|           1|           2|
    |xor_ln20_63_fu_8531_p2              |       xor|   0|    0|    2|           1|           2|
    |xor_ln20_64_fu_8536_p2              |       xor|   0|    0|    2|           1|           2|
    |xor_ln20_65_fu_8541_p2              |       xor|   0|    0|    2|           1|           2|
    |xor_ln20_66_fu_8546_p2              |       xor|   0|    0|    2|           1|           2|
    |xor_ln20_67_fu_8551_p2              |       xor|   0|    0|    2|           1|           2|
    |xor_ln20_68_fu_8556_p2              |       xor|   0|    0|    2|           1|           2|
    |xor_ln20_69_fu_8561_p2              |       xor|   0|    0|    2|           1|           2|
    |xor_ln20_6_fu_7813_p2               |       xor|   0|    0|    2|           1|           2|
    |xor_ln20_70_fu_8566_p2              |       xor|   0|    0|    2|           1|           2|
    |xor_ln20_71_fu_8571_p2              |       xor|   0|    0|    2|           1|           2|
    |xor_ln20_72_fu_8576_p2              |       xor|   0|    0|    2|           1|           2|
    |xor_ln20_73_fu_8581_p2              |       xor|   0|    0|    2|           1|           2|
    |xor_ln20_74_fu_8586_p2              |       xor|   0|    0|    2|           1|           2|
    |xor_ln20_75_fu_8591_p2              |       xor|   0|    0|    2|           1|           2|
    |xor_ln20_76_fu_8596_p2              |       xor|   0|    0|    2|           1|           2|
    |xor_ln20_77_fu_8601_p2              |       xor|   0|    0|    2|           1|           2|
    |xor_ln20_78_fu_8606_p2              |       xor|   0|    0|    2|           1|           2|
    |xor_ln20_79_fu_8626_p2              |       xor|   0|    0|    2|           1|           2|
    |xor_ln20_7_fu_7818_p2               |       xor|   0|    0|    2|           1|           2|
    |xor_ln20_80_fu_8656_p2              |       xor|   0|    0|    2|           1|           2|
    |xor_ln20_81_fu_8730_p2              |       xor|   0|    0|    2|           1|           2|
    |xor_ln20_82_fu_8735_p2              |       xor|   0|    0|    2|           1|           2|
    |xor_ln20_83_fu_8740_p2              |       xor|   0|    0|    2|           1|           2|
    |xor_ln20_84_fu_8745_p2              |       xor|   0|    0|    2|           1|           2|
    |xor_ln20_85_fu_8750_p2              |       xor|   0|    0|    2|           1|           2|
    |xor_ln20_86_fu_8755_p2              |       xor|   0|    0|    2|           1|           2|
    |xor_ln20_87_fu_8760_p2              |       xor|   0|    0|    2|           1|           2|
    |xor_ln20_88_fu_8765_p2              |       xor|   0|    0|    2|           1|           2|
    |xor_ln20_89_fu_8770_p2              |       xor|   0|    0|    2|           1|           2|
    |xor_ln20_8_fu_7823_p2               |       xor|   0|    0|    2|           1|           2|
    |xor_ln20_90_fu_8775_p2              |       xor|   0|    0|    2|           1|           2|
    |xor_ln20_91_fu_8780_p2              |       xor|   0|    0|    2|           1|           2|
    |xor_ln20_92_fu_8785_p2              |       xor|   0|    0|    2|           1|           2|
    |xor_ln20_93_fu_8790_p2              |       xor|   0|    0|    2|           1|           2|
    |xor_ln20_94_fu_8795_p2              |       xor|   0|    0|    2|           1|           2|
    |xor_ln20_95_fu_8800_p2              |       xor|   0|    0|    2|           1|           2|
    |xor_ln20_96_fu_8805_p2              |       xor|   0|    0|    2|           1|           2|
    |xor_ln20_97_fu_8810_p2              |       xor|   0|    0|    2|           1|           2|
    |xor_ln20_98_fu_8815_p2              |       xor|   0|    0|    2|           1|           2|
    |xor_ln20_99_fu_8820_p2              |       xor|   0|    0|    2|           1|           2|
    |xor_ln20_9_fu_7828_p2               |       xor|   0|    0|    2|           1|           2|
    |xor_ln20_fu_7783_p2                 |       xor|   0|    0|    2|           1|           2|
    |xor_ln75_fu_2417_p2                 |       xor|   0|    0|    2|           1|           2|
    +------------------------------------+----------+----+-----+-----+------------+------------+
    |Total                               |          |   0|  314|15757|        7655|       14285|
    +------------------------------------+----------+----+-----+-----+------------+------------+

    * Multiplexer: 
    +---------------------+----+-----------+-----+-----------+
    |         Name        | LUT| Input Size| Bits| Total Bits|
    +---------------------+----+-----------+-----+-----------+
    |in_snap_TDATA_blk_n  |   9|          2|    1|          2|
    |out_sig_TDATA_blk_n  |   9|          2|    1|          2|
    +---------------------+----+-----------+-----+-----------+
    |Total                |  18|          4|    2|          4|
    +---------------------+----+-----------+-----+-----------+

    * Register: 
    +------------------------------------------+-----+----+-----+-----------+
    |                   Name                   |  FF | LUT| Bits| Const Bits|
    +------------------------------------------+-----+----+-----+-----------+
    |add_ln68_reg_10825                        |   32|   0|   32|          0|
    |and_ln70_reg_9619                         |    1|   0|    1|          0|
    |ap_CS_fsm                                 |    1|   0|    1|          0|
    |ap_enable_reg_pp0_iter1                   |    1|   0|    1|          0|
    |ap_enable_reg_pp0_iter10                  |    1|   0|    1|          0|
    |ap_enable_reg_pp0_iter11                  |    1|   0|    1|          0|
    |ap_enable_reg_pp0_iter12                  |    1|   0|    1|          0|
    |ap_enable_reg_pp0_iter13                  |    1|   0|    1|          0|
    |ap_enable_reg_pp0_iter14                  |    1|   0|    1|          0|
    |ap_enable_reg_pp0_iter15                  |    1|   0|    1|          0|
    |ap_enable_reg_pp0_iter16                  |    1|   0|    1|          0|
    |ap_enable_reg_pp0_iter17                  |    1|   0|    1|          0|
    |ap_enable_reg_pp0_iter18                  |    1|   0|    1|          0|
    |ap_enable_reg_pp0_iter19                  |    1|   0|    1|          0|
    |ap_enable_reg_pp0_iter2                   |    1|   0|    1|          0|
    |ap_enable_reg_pp0_iter20                  |    1|   0|    1|          0|
    |ap_enable_reg_pp0_iter21                  |    1|   0|    1|          0|
    |ap_enable_reg_pp0_iter22                  |    1|   0|    1|          0|
    |ap_enable_reg_pp0_iter23                  |    1|   0|    1|          0|
    |ap_enable_reg_pp0_iter24                  |    1|   0|    1|          0|
    |ap_enable_reg_pp0_iter25                  |    1|   0|    1|          0|
    |ap_enable_reg_pp0_iter26                  |    1|   0|    1|          0|
    |ap_enable_reg_pp0_iter27                  |    1|   0|    1|          0|
    |ap_enable_reg_pp0_iter28                  |    1|   0|    1|          0|
    |ap_enable_reg_pp0_iter29                  |    1|   0|    1|          0|
    |ap_enable_reg_pp0_iter3                   |    1|   0|    1|          0|
    |ap_enable_reg_pp0_iter30                  |    1|   0|    1|          0|
    |ap_enable_reg_pp0_iter31                  |    1|   0|    1|          0|
    |ap_enable_reg_pp0_iter32                  |    1|   0|    1|          0|
    |ap_enable_reg_pp0_iter33                  |    1|   0|    1|          0|
    |ap_enable_reg_pp0_iter34                  |    1|   0|    1|          0|
    |ap_enable_reg_pp0_iter35                  |    1|   0|    1|          0|
    |ap_enable_reg_pp0_iter36                  |    1|   0|    1|          0|
    |ap_enable_reg_pp0_iter37                  |    1|   0|    1|          0|
    |ap_enable_reg_pp0_iter38                  |    1|   0|    1|          0|
    |ap_enable_reg_pp0_iter39                  |    1|   0|    1|          0|
    |ap_enable_reg_pp0_iter4                   |    1|   0|    1|          0|
    |ap_enable_reg_pp0_iter40                  |    1|   0|    1|          0|
    |ap_enable_reg_pp0_iter41                  |    1|   0|    1|          0|
    |ap_enable_reg_pp0_iter42                  |    1|   0|    1|          0|
    |ap_enable_reg_pp0_iter43                  |    1|   0|    1|          0|
    |ap_enable_reg_pp0_iter44                  |    1|   0|    1|          0|
    |ap_enable_reg_pp0_iter45                  |    1|   0|    1|          0|
    |ap_enable_reg_pp0_iter46                  |    1|   0|    1|          0|
    |ap_enable_reg_pp0_iter47                  |    1|   0|    1|          0|
    |ap_enable_reg_pp0_iter48                  |    1|   0|    1|          0|
    |ap_enable_reg_pp0_iter49                  |    1|   0|    1|          0|
    |ap_enable_reg_pp0_iter5                   |    1|   0|    1|          0|
    |ap_enable_reg_pp0_iter50                  |    1|   0|    1|          0|
    |ap_enable_reg_pp0_iter51                  |    1|   0|    1|          0|
    |ap_enable_reg_pp0_iter52                  |    1|   0|    1|          0|
    |ap_enable_reg_pp0_iter53                  |    1|   0|    1|          0|
    |ap_enable_reg_pp0_iter54                  |    1|   0|    1|          0|
    |ap_enable_reg_pp0_iter55                  |    1|   0|    1|          0|
    |ap_enable_reg_pp0_iter6                   |    1|   0|    1|          0|
    |ap_enable_reg_pp0_iter7                   |    1|   0|    1|          0|
    |ap_enable_reg_pp0_iter8                   |    1|   0|    1|          0|
    |ap_enable_reg_pp0_iter9                   |    1|   0|    1|          0|
    |ask_ps_10_reg_9914                        |   67|   0|   67|          0|
    |ask_ps_11_reg_9924                        |   67|   0|   67|          0|
    |ask_ps_12_reg_9964                        |   67|   0|   67|          0|
    |ask_ps_13_reg_9974                        |   67|   0|   67|          0|
    |ask_ps_15_reg_10016                       |   68|   0|   68|          0|
    |ask_ps_16_reg_10046                       |   68|   0|   68|          0|
    |ask_ps_17_reg_10056                       |   68|   0|   68|          0|
    |ask_ps_1_reg_9640                         |   65|   0|   65|          0|
    |ask_ps_3_reg_9702                         |   66|   0|   66|          0|
    |ask_ps_4_reg_9752                         |   66|   0|   66|          0|
    |ask_ps_5_reg_9762                         |   66|   0|   66|          0|
    |ask_ps_7_reg_9824                         |   67|   0|   67|          0|
    |ask_ps_8_reg_9874                         |   67|   0|   67|          0|
    |ask_ps_9_reg_9884                         |   67|   0|   67|          0|
    |ask_vol_10_reg_9681                       |   35|   0|   35|          0|
    |ask_vol_10_reg_9681_pp0_iter8_reg         |   35|   0|   35|          0|
    |ask_vol_11_reg_9742                       |   35|   0|   35|          0|
    |ask_vol_12_reg_9803                       |   35|   0|   35|          0|
    |ask_vol_12_reg_9803_pp0_iter10_reg        |   35|   0|   35|          0|
    |ask_vol_13_reg_9864                       |   35|   0|   35|          0|
    |ask_vol_14_reg_9904                       |   35|   0|   35|          0|
    |ask_vol_15_reg_9954                       |   36|   0|   36|          0|
    |ask_vol_16_reg_9995                       |   36|   0|   36|          0|
    |ask_vol_16_reg_9995_pp0_iter14_reg        |   36|   0|   36|          0|
    |ask_vol_17_reg_10036                      |   36|   0|   36|          0|
    |ask_vol_18_reg_10072                      |   36|   0|   36|          0|
    |ask_vol_2_reg_9410                        |   33|   0|   33|          0|
    |ask_vol_4_reg_9461                        |   34|   0|   34|          0|
    |ask_vol_6_reg_9492                        |   34|   0|   34|          0|
    |ask_vol_7_reg_9532                        |   35|   0|   35|          0|
    |ask_vol_8_reg_9563                        |   35|   0|   35|          0|
    |ask_vol_8_reg_9563_pp0_iter6_reg          |   35|   0|   35|          0|
    |ask_vol_9_reg_9614                        |   35|   0|   35|          0|
    |ask_vol_reg_9395                          |   32|   0|   32|          0|
    |bid_heavy_reg_10718                       |    1|   0|    1|          0|
    |bid_ps_10_reg_9879                        |   67|   0|   67|          0|
    |bid_ps_11_reg_9909                        |   67|   0|   67|          0|
    |bid_ps_12_reg_9919                        |   67|   0|   67|          0|
    |bid_ps_13_reg_9959                        |   67|   0|   67|          0|
    |bid_ps_14_reg_9969                        |   67|   0|   67|          0|
    |bid_ps_16_reg_10011                       |   68|   0|   68|          0|
    |bid_ps_17_reg_10041                       |   68|   0|   68|          0|
    |bid_ps_18_reg_10051                       |   68|   0|   68|          0|
    |bid_ps_2_reg_9635                         |   65|   0|   65|          0|
    |bid_ps_4_reg_9697                         |   66|   0|   66|          0|
    |bid_ps_5_reg_9747                         |   66|   0|   66|          0|
    |bid_ps_6_reg_9757                         |   66|   0|   66|          0|
    |bid_ps_8_reg_9819                         |   67|   0|   67|          0|
    |bid_ps_9_reg_9869                         |   67|   0|   67|          0|
    |bid_vol_10_reg_9609                       |   35|   0|   35|          0|
    |bid_vol_11_reg_9675                       |   35|   0|   35|          0|
    |bid_vol_11_reg_9675_pp0_iter8_reg         |   35|   0|   35|          0|
    |bid_vol_12_reg_9737                       |   35|   0|   35|          0|
    |bid_vol_13_reg_9797                       |   35|   0|   35|          0|
    |bid_vol_13_reg_9797_pp0_iter10_reg        |   35|   0|   35|          0|
    |bid_vol_14_reg_9859                       |   35|   0|   35|          0|
    |bid_vol_15_reg_9899                       |   35|   0|   35|          0|
    |bid_vol_16_reg_9949                       |   36|   0|   36|          0|
    |bid_vol_17_reg_9989                       |   36|   0|   36|          0|
    |bid_vol_17_reg_9989_pp0_iter14_reg        |   36|   0|   36|          0|
    |bid_vol_18_reg_10031                      |   36|   0|   36|          0|
    |bid_vol_19_reg_10061                      |   36|   0|   36|          0|
    |bid_vol_1_reg_9390                        |   32|   0|   32|          0|
    |bid_vol_3_reg_9405                        |   33|   0|   33|          0|
    |bid_vol_5_reg_9455                        |   34|   0|   34|          0|
    |bid_vol_7_reg_9487                        |   34|   0|   34|          0|
    |bid_vol_8_reg_9527                        |   35|   0|   35|          0|
    |bid_vol_9_reg_9557                        |   35|   0|   35|          0|
    |bid_vol_9_reg_9557_pp0_iter6_reg          |   35|   0|   35|          0|
    |conv_i38_i158_reg_10505                   |   36|   0|   39|          3|
    |conv_i38_i782_reg_11165                   |   37|   0|   40|          3|
    |conv_i38_i_reg_10562                      |   36|   0|   39|          3|
    |diff_10_reg_11891                         |   40|   0|   40|          0|
    |diff_11_reg_12004                         |   40|   0|   40|          0|
    |diff_123_reg_12558                        |   39|   0|   39|          0|
    |diff_124_reg_12617                        |   39|   0|   39|          0|
    |diff_125_reg_12671                        |   39|   0|   39|          0|
    |diff_126_reg_12730                        |   39|   0|   39|          0|
    |diff_127_reg_12783                        |   39|   0|   39|          0|
    |diff_128_reg_12836                        |   39|   0|   39|          0|
    |diff_129_reg_12889                        |   39|   0|   39|          0|
    |diff_12_reg_12117                         |   40|   0|   40|          0|
    |diff_13_reg_12230                         |   40|   0|   40|          0|
    |diff_14_reg_12343                         |   40|   0|   40|          0|
    |diff_15_reg_12456                         |   40|   0|   40|          0|
    |diff_16_reg_12569                         |   40|   0|   40|          0|
    |diff_17_reg_12682                         |   40|   0|   40|          0|
    |diff_18_reg_12741                         |   40|   0|   40|          0|
    |diff_1_reg_10673                          |   36|   0|   36|          0|
    |diff_49_reg_12857                         |   40|   0|   40|          0|
    |diff_4_reg_11213                          |   40|   0|   40|          0|
    |diff_5_reg_11326                          |   40|   0|   40|          0|
    |diff_6_reg_11439                          |   40|   0|   40|          0|
    |diff_7_reg_11552                          |   40|   0|   40|          0|
    |diff_83_reg_12542                         |   39|   0|   39|          0|
    |diff_84_reg_12601                         |   39|   0|   39|          0|
    |diff_85_reg_12655                         |   39|   0|   39|          0|
    |diff_86_reg_12714                         |   39|   0|   39|          0|
    |diff_87_reg_12767                         |   39|   0|   39|          0|
    |diff_88_reg_12820                         |   39|   0|   39|          0|
    |diff_89_reg_12873                         |   39|   0|   39|          0|
    |diff_8_reg_11665                          |   40|   0|   40|          0|
    |diff_9_reg_11778                          |   40|   0|   40|          0|
    |diff_reg_10668                            |   36|   0|   36|          0|
    |icmp_ln54_reg_10663                       |    1|   0|    1|          0|
    |icmp_ln57_reg_11160                       |    1|   0|    1|          0|
    |icmp_ln70_reg_11224                       |    1|   0|    1|          0|
    |icmp_ln93_reg_10678                       |    1|   0|    1|          0|
    |icmp_ln94_reg_10698                       |    1|   0|    1|          0|
    |imbalance_reg_12847                       |   18|   0|   18|          0|
    |mp_a_reg_10780                            |   68|   0|   68|          0|
    |mp_b_reg_10770                            |   68|   0|   68|          0|
    |neg_100_reg_11374                         |    1|   0|    1|          0|
    |neg_101_reg_11428                         |    1|   0|    1|          0|
    |neg_102_reg_11487                         |    1|   0|    1|          0|
    |neg_103_reg_11541                         |    1|   0|    1|          0|
    |neg_104_reg_11600                         |    1|   0|    1|          0|
    |neg_105_reg_11654                         |    1|   0|    1|          0|
    |neg_106_reg_11713                         |    1|   0|    1|          0|
    |neg_107_reg_11767                         |    1|   0|    1|          0|
    |neg_108_reg_11826                         |    1|   0|    1|          0|
    |neg_109_reg_11880                         |    1|   0|    1|          0|
    |neg_10_reg_12122                          |    1|   0|    1|          0|
    |neg_110_reg_11939                         |    1|   0|    1|          0|
    |neg_111_reg_11993                         |    1|   0|    1|          0|
    |neg_112_reg_12052                         |    1|   0|    1|          0|
    |neg_113_reg_12106                         |    1|   0|    1|          0|
    |neg_114_reg_12165                         |    1|   0|    1|          0|
    |neg_115_reg_12219                         |    1|   0|    1|          0|
    |neg_116_reg_12278                         |    1|   0|    1|          0|
    |neg_117_reg_12332                         |    1|   0|    1|          0|
    |neg_118_reg_12391                         |    1|   0|    1|          0|
    |neg_119_reg_12445                         |    1|   0|    1|          0|
    |neg_11_reg_12235                          |    1|   0|    1|          0|
    |neg_120_reg_12504                         |    1|   0|    1|          0|
    |neg_121_reg_12563                         |    1|   0|    1|          0|
    |neg_122_reg_12622                         |    1|   0|    1|          0|
    |neg_123_reg_12676                         |    1|   0|    1|          0|
    |neg_124_reg_12735                         |    1|   0|    1|          0|
    |neg_125_reg_12788                         |    1|   0|    1|          0|
    |neg_126_reg_12841                         |    1|   0|    1|          0|
    |neg_126_reg_12841_pp0_iter53_reg          |    1|   0|    1|          0|
    |neg_127_reg_12894                         |    1|   0|    1|          0|
    |neg_12_reg_12348                          |    1|   0|    1|          0|
    |neg_13_reg_12461                          |    1|   0|    1|          0|
    |neg_14_reg_12574                          |    1|   0|    1|          0|
    |neg_15_reg_12687                          |    1|   0|    1|          0|
    |neg_15_reg_12687_pp0_iter51_reg           |    1|   0|    1|          0|
    |neg_17_reg_11071                          |    1|   0|    1|          0|
    |neg_18_reg_11229                          |    1|   0|    1|          0|
    |neg_19_reg_11283                          |    1|   0|    1|          0|
    |neg_1_reg_11055                           |    1|   0|    1|          0|
    |neg_20_reg_11342                          |    1|   0|    1|          0|
    |neg_21_reg_11396                          |    1|   0|    1|          0|
    |neg_22_reg_11455                          |    1|   0|    1|          0|
    |neg_23_reg_11509                          |    1|   0|    1|          0|
    |neg_24_reg_11568                          |    1|   0|    1|          0|
    |neg_25_reg_11622                          |    1|   0|    1|          0|
    |neg_26_reg_11681                          |    1|   0|    1|          0|
    |neg_27_reg_11735                          |    1|   0|    1|          0|
    |neg_28_reg_11794                          |    1|   0|    1|          0|
    |neg_29_reg_11848                          |    1|   0|    1|          0|
    |neg_2_reg_11218                           |    1|   0|    1|          0|
    |neg_30_reg_11907                          |    1|   0|    1|          0|
    |neg_31_reg_11961                          |    1|   0|    1|          0|
    |neg_32_reg_12020                          |    1|   0|    1|          0|
    |neg_33_reg_12074                          |    1|   0|    1|          0|
    |neg_34_reg_12133                          |    1|   0|    1|          0|
    |neg_35_reg_12187                          |    1|   0|    1|          0|
    |neg_36_reg_12246                          |    1|   0|    1|          0|
    |neg_37_reg_12300                          |    1|   0|    1|          0|
    |neg_38_reg_12359                          |    1|   0|    1|          0|
    |neg_39_reg_12413                          |    1|   0|    1|          0|
    |neg_3_reg_11331                           |    1|   0|    1|          0|
    |neg_40_reg_12472                          |    1|   0|    1|          0|
    |neg_41_reg_12526                          |    1|   0|    1|          0|
    |neg_42_reg_12585                          |    1|   0|    1|          0|
    |neg_43_reg_12639                          |    1|   0|    1|          0|
    |neg_44_reg_12698                          |    1|   0|    1|          0|
    |neg_45_reg_12751                          |    1|   0|    1|          0|
    |neg_46_reg_12804                          |    1|   0|    1|          0|
    |neg_46_reg_12804_pp0_iter53_reg           |    1|   0|    1|          0|
    |neg_47_reg_12862                          |    1|   0|    1|          0|
    |neg_49_reg_10088                          |    1|   0|    1|          0|
    |neg_4_reg_11444                           |    1|   0|    1|          0|
    |neg_50_reg_10552                          |    1|   0|    1|          0|
    |neg_51_reg_10629                          |    1|   0|    1|          0|
    |neg_52_reg_10688                          |    1|   0|    1|          0|
    |neg_53_reg_10734                          |    1|   0|    1|          0|
    |neg_54_reg_10795                          |    1|   0|    1|          0|
    |neg_55_reg_11025                          |    1|   0|    1|          0|
    |neg_56_reg_11087                          |    1|   0|    1|          0|
    |neg_57_reg_11133                          |    1|   0|    1|          0|
    |neg_58_reg_11245                          |    1|   0|    1|          0|
    |neg_59_reg_11299                          |    1|   0|    1|          0|
    |neg_5_reg_11557                           |    1|   0|    1|          0|
    |neg_60_reg_11358                          |    1|   0|    1|          0|
    |neg_61_reg_11412                          |    1|   0|    1|          0|
    |neg_62_reg_11471                          |    1|   0|    1|          0|
    |neg_63_reg_11525                          |    1|   0|    1|          0|
    |neg_64_reg_11584                          |    1|   0|    1|          0|
    |neg_65_reg_11638                          |    1|   0|    1|          0|
    |neg_66_reg_11697                          |    1|   0|    1|          0|
    |neg_67_reg_11751                          |    1|   0|    1|          0|
    |neg_68_reg_11810                          |    1|   0|    1|          0|
    |neg_69_reg_11864                          |    1|   0|    1|          0|
    |neg_6_reg_11670                           |    1|   0|    1|          0|
    |neg_70_reg_11923                          |    1|   0|    1|          0|
    |neg_71_reg_11977                          |    1|   0|    1|          0|
    |neg_72_reg_12036                          |    1|   0|    1|          0|
    |neg_73_reg_12090                          |    1|   0|    1|          0|
    |neg_74_reg_12149                          |    1|   0|    1|          0|
    |neg_75_reg_12203                          |    1|   0|    1|          0|
    |neg_76_reg_12262                          |    1|   0|    1|          0|
    |neg_77_reg_12316                          |    1|   0|    1|          0|
    |neg_78_reg_12375                          |    1|   0|    1|          0|
    |neg_79_reg_12429                          |    1|   0|    1|          0|
    |neg_7_reg_11783                           |    1|   0|    1|          0|
    |neg_80_reg_12488                          |    1|   0|    1|          0|
    |neg_81_reg_12547                          |    1|   0|    1|          0|
    |neg_82_reg_12606                          |    1|   0|    1|          0|
    |neg_83_reg_12660                          |    1|   0|    1|          0|
    |neg_84_reg_12719                          |    1|   0|    1|          0|
    |neg_85_reg_12772                          |    1|   0|    1|          0|
    |neg_86_reg_12825                          |    1|   0|    1|          0|
    |neg_86_reg_12825_pp0_iter53_reg           |    1|   0|    1|          0|
    |neg_87_reg_12878                          |    1|   0|    1|          0|
    |neg_89_reg_10289                          |    1|   0|    1|          0|
    |neg_8_reg_11896                           |    1|   0|    1|          0|
    |neg_90_reg_10609                          |    1|   0|    1|          0|
    |neg_91_reg_10644                          |    1|   0|    1|          0|
    |neg_92_reg_10708                          |    1|   0|    1|          0|
    |neg_93_reg_10749                          |    1|   0|    1|          0|
    |neg_94_reg_10810                          |    1|   0|    1|          0|
    |neg_95_reg_11040                          |    1|   0|    1|          0|
    |neg_96_reg_11102                          |    1|   0|    1|          0|
    |neg_97_reg_11149                          |    1|   0|    1|          0|
    |neg_98_reg_11261                          |    1|   0|    1|          0|
    |neg_99_reg_11315                          |    1|   0|    1|          0|
    |neg_9_reg_12009                           |    1|   0|    1|          0|
    |neg_reg_10759                             |    1|   0|    1|          0|
    |pa_1_reg_9584                             |   64|   0|   64|          0|
    |pa_2_reg_9650                             |   64|   0|   64|          0|
    |pa_3_reg_9712                             |   64|   0|   64|          0|
    |pa_4_reg_9772                             |   64|   0|   64|          0|
    |pa_5_reg_9834                             |   64|   0|   64|          0|
    |pa_6_reg_9894                             |   64|   0|   64|          0|
    |pa_7_reg_9934                             |   64|   0|   64|          0|
    |pa_8_reg_9984                             |   64|   0|   64|          0|
    |pa_9_reg_10026                            |   64|   0|   64|          0|
    |pa_reg_9574                               |   64|   0|   64|          0|
    |pb_10_reg_9569                            |   64|   0|   64|          0|
    |pb_2_reg_9645                             |   64|   0|   64|          0|
    |pb_3_reg_9707                             |   64|   0|   64|          0|
    |pb_4_reg_9767                             |   64|   0|   64|          0|
    |pb_5_reg_9829                             |   64|   0|   64|          0|
    |pb_6_reg_9889                             |   64|   0|   64|          0|
    |pb_7_reg_9929                             |   64|   0|   64|          0|
    |pb_8_reg_9979                             |   64|   0|   64|          0|
    |pb_9_reg_10021                            |   64|   0|   64|          0|
    |pb_reg_9579                               |   64|   0|   64|          0|
    |q_4_reg_12794                             |   17|   0|   17|          0|
    |rem2_16_reg_11066                         |   38|   0|   38|          0|
    |rem2_48_reg_10083                         |   37|   0|   37|          0|
    |rem2_88_reg_10284                         |   37|   0|   37|          0|
    |rem2_reg_11050                            |   37|   0|   38|          1|
    |rem_10_reg_12176                          |   38|   0|   38|          0|
    |rem_10_reg_12176_pp0_iter42_reg           |   38|   0|   38|          0|
    |rem_117_reg_12553                         |   37|   0|   37|          0|
    |rem_118_reg_12612                         |   37|   0|   37|          0|
    |rem_119_reg_12666                         |   37|   0|   37|          0|
    |rem_11_reg_12289                          |   38|   0|   38|          0|
    |rem_11_reg_12289_pp0_iter44_reg           |   38|   0|   38|          0|
    |rem_120_reg_12725                         |   37|   0|   37|          0|
    |rem_121_reg_12778                         |   37|   0|   37|          0|
    |rem_122_reg_12831                         |   37|   0|   37|          0|
    |rem_123_reg_12884                         |   37|   0|   37|          0|
    |rem_12_reg_12402                          |   38|   0|   38|          0|
    |rem_12_reg_12402_pp0_iter46_reg           |   38|   0|   38|          0|
    |rem_13_reg_12515                          |   38|   0|   38|          0|
    |rem_13_reg_12515_pp0_iter48_reg           |   38|   0|   38|          0|
    |rem_14_reg_12628                          |   38|   0|   38|          0|
    |rem_14_reg_12628_pp0_iter50_reg           |   38|   0|   38|          0|
    |rem_16_reg_11118                          |   38|   0|   38|          0|
    |rem_1_reg_11112                           |   38|   0|   38|          0|
    |rem_1_reg_11112_pp0_iter24_reg            |   38|   0|   38|          0|
    |rem_2_reg_11272                           |   38|   0|   38|          0|
    |rem_2_reg_11272_pp0_iter26_reg            |   38|   0|   38|          0|
    |rem_3_reg_11385                           |   38|   0|   38|          0|
    |rem_3_reg_11385_pp0_iter28_reg            |   38|   0|   38|          0|
    |rem_45_reg_12852                          |   38|   0|   38|          0|
    |rem_4_reg_11498                           |   38|   0|   38|          0|
    |rem_4_reg_11498_pp0_iter30_reg            |   38|   0|   38|          0|
    |rem_5_reg_11611                           |   38|   0|   38|          0|
    |rem_5_reg_11611_pp0_iter32_reg            |   38|   0|   38|          0|
    |rem_6_reg_11724                           |   38|   0|   38|          0|
    |rem_6_reg_11724_pp0_iter34_reg            |   38|   0|   38|          0|
    |rem_78_reg_12537                          |   37|   0|   37|          0|
    |rem_79_reg_12596                          |   37|   0|   37|          0|
    |rem_7_reg_11837                           |   38|   0|   38|          0|
    |rem_7_reg_11837_pp0_iter36_reg            |   38|   0|   38|          0|
    |rem_80_reg_12650                          |   37|   0|   37|          0|
    |rem_81_reg_12709                          |   37|   0|   37|          0|
    |rem_82_reg_12762                          |   37|   0|   37|          0|
    |rem_83_reg_12815                          |   37|   0|   37|          0|
    |rem_84_reg_12868                          |   37|   0|   37|          0|
    |rem_8_reg_11950                           |   38|   0|   38|          0|
    |rem_8_reg_11950_pp0_iter38_reg            |   38|   0|   38|          0|
    |rem_9_reg_12063                           |   38|   0|   38|          0|
    |rem_9_reg_12063_pp0_iter40_reg            |   38|   0|   38|          0|
    |rem_reg_10820                             |   37|   0|   37|          0|
    |select_ln55_reg_10723                     |   36|   0|   36|          0|
    |select_ln55_reg_10723_pp0_iter20_reg      |   36|   0|   36|          0|
    |select_ln75_reg_10619                     |   32|   0|   32|          0|
    |snap_asks_price_1_reg_9237                |   32|   0|   32|          0|
    |snap_asks_price_2_reg_9254                |   32|   0|   32|          0|
    |snap_asks_price_2_reg_9254_pp0_iter1_reg  |   32|   0|   32|          0|
    |snap_asks_price_3_reg_9271                |   32|   0|   32|          0|
    |snap_asks_price_4_reg_9288                |   32|   0|   32|          0|
    |snap_asks_price_5_reg_9305                |   32|   0|   32|          0|
    |snap_asks_price_6_reg_9322                |   32|   0|   32|          0|
    |snap_asks_price_7_reg_9339                |   32|   0|   32|          0|
    |snap_asks_price_8_reg_9356                |   32|   0|   32|          0|
    |snap_asks_price_9_reg_9373                |   32|   0|   32|          0|
    |snap_asks_price_reg_9218                  |   32|   0|   32|          0|
    |snap_asks_size_1_reg_9242                 |   32|   0|   32|          0|
    |snap_asks_size_2_reg_9259                 |   32|   0|   32|          0|
    |snap_asks_size_2_reg_9259_pp0_iter1_reg   |   32|   0|   32|          0|
    |snap_asks_size_3_reg_9276                 |   32|   0|   32|          0|
    |snap_asks_size_4_reg_9293                 |   32|   0|   32|          0|
    |snap_asks_size_5_reg_9310                 |   32|   0|   32|          0|
    |snap_asks_size_6_reg_9327                 |   32|   0|   32|          0|
    |snap_asks_size_7_reg_9344                 |   32|   0|   32|          0|
    |snap_asks_size_8_reg_9361                 |   32|   0|   32|          0|
    |snap_asks_size_9_reg_9378                 |   32|   0|   32|          0|
    |snap_asks_size_reg_9226                   |   32|   0|   32|          0|
    |snap_asks_valid_1_reg_9248                |    1|   0|    1|          0|
    |snap_asks_valid_2_reg_9265                |    1|   0|    1|          0|
    |snap_asks_valid_3_reg_9282                |    1|   0|    1|          0|
    |snap_asks_valid_4_reg_9299                |    1|   0|    1|          0|
    |snap_asks_valid_5_reg_9316                |    1|   0|    1|          0|
    |snap_asks_valid_6_reg_9333                |    1|   0|    1|          0|
    |snap_asks_valid_7_reg_9350                |    1|   0|    1|          0|
    |snap_asks_valid_8_reg_9367                |    1|   0|    1|          0|
    |snap_asks_valid_9_reg_9384                |    1|   0|    1|          0|
    |snap_asks_valid_reg_9231                  |    1|   0|    1|          0|
    |snap_bids_price_1_reg_9065                |   32|   0|   32|          0|
    |snap_bids_price_2_reg_9082                |   32|   0|   32|          0|
    |snap_bids_price_2_reg_9082_pp0_iter1_reg  |   32|   0|   32|          0|
    |snap_bids_price_3_reg_9099                |   32|   0|   32|          0|
    |snap_bids_price_4_reg_9116                |   32|   0|   32|          0|
    |snap_bids_price_5_reg_9133                |   32|   0|   32|          0|
    |snap_bids_price_6_reg_9150                |   32|   0|   32|          0|
    |snap_bids_price_7_reg_9167                |   32|   0|   32|          0|
    |snap_bids_price_8_reg_9184                |   32|   0|   32|          0|
    |snap_bids_price_9_reg_9201                |   32|   0|   32|          0|
    |snap_bids_price_reg_9046                  |   32|   0|   32|          0|
    |snap_bids_size_1_reg_9070                 |   32|   0|   32|          0|
    |snap_bids_size_2_reg_9087                 |   32|   0|   32|          0|
    |snap_bids_size_2_reg_9087_pp0_iter1_reg   |   32|   0|   32|          0|
    |snap_bids_size_3_reg_9104                 |   32|   0|   32|          0|
    |snap_bids_size_4_reg_9121                 |   32|   0|   32|          0|
    |snap_bids_size_5_reg_9138                 |   32|   0|   32|          0|
    |snap_bids_size_6_reg_9155                 |   32|   0|   32|          0|
    |snap_bids_size_7_reg_9172                 |   32|   0|   32|          0|
    |snap_bids_size_8_reg_9189                 |   32|   0|   32|          0|
    |snap_bids_size_9_reg_9206                 |   32|   0|   32|          0|
    |snap_bids_size_reg_9054                   |   32|   0|   32|          0|
    |snap_bids_valid_1_reg_9076                |    1|   0|    1|          0|
    |snap_bids_valid_2_reg_9093                |    1|   0|    1|          0|
    |snap_bids_valid_3_reg_9110                |    1|   0|    1|          0|
    |snap_bids_valid_4_reg_9127                |    1|   0|    1|          0|
    |snap_bids_valid_5_reg_9144                |    1|   0|    1|          0|
    |snap_bids_valid_6_reg_9161                |    1|   0|    1|          0|
    |snap_bids_valid_7_reg_9178                |    1|   0|    1|          0|
    |snap_bids_valid_8_reg_9195                |    1|   0|    1|          0|
    |snap_bids_valid_9_reg_9212                |    1|   0|    1|          0|
    |snap_bids_valid_reg_9059                  |    1|   0|    1|          0|
    |tmp_102_reg_10098                         |    1|   0|    1|          0|
    |tmp_102_reg_10098_pp0_iter16_reg          |    1|   0|    1|          0|
    |tmp_104_reg_10104                         |    1|   0|    1|          0|
    |tmp_106_reg_10110                         |    1|   0|    1|          0|
    |tmp_108_reg_10116                         |    1|   0|    1|          0|
    |tmp_110_reg_10122                         |    1|   0|    1|          0|
    |tmp_112_reg_10128                         |    1|   0|    1|          0|
    |tmp_114_reg_10134                         |    1|   0|    1|          0|
    |tmp_116_reg_10140                         |    1|   0|    1|          0|
    |tmp_118_reg_10146                         |    1|   0|    1|          0|
    |tmp_120_reg_10152                         |    1|   0|    1|          0|
    |tmp_122_reg_10158                         |    1|   0|    1|          0|
    |tmp_124_reg_10164                         |    1|   0|    1|          0|
    |tmp_126_reg_10170                         |    1|   0|    1|          0|
    |tmp_128_reg_10176                         |    1|   0|    1|          0|
    |tmp_130_reg_10182                         |    1|   0|    1|          0|
    |tmp_132_reg_10188                         |    1|   0|    1|          0|
    |tmp_134_reg_10194                         |    1|   0|    1|          0|
    |tmp_136_reg_10200                         |    1|   0|    1|          0|
    |tmp_138_reg_10206                         |    1|   0|    1|          0|
    |tmp_140_reg_10212                         |    1|   0|    1|          0|
    |tmp_142_reg_10218                         |    1|   0|    1|          0|
    |tmp_144_reg_10224                         |    1|   0|    1|          0|
    |tmp_146_reg_10230                         |    1|   0|    1|          0|
    |tmp_148_reg_10236                         |    1|   0|    1|          0|
    |tmp_150_reg_10242                         |    1|   0|    1|          0|
    |tmp_152_reg_10248                         |    1|   0|    1|          0|
    |tmp_154_reg_10254                         |    1|   0|    1|          0|
    |tmp_156_reg_10260                         |    1|   0|    1|          0|
    |tmp_158_reg_10266                         |    1|   0|    1|          0|
    |tmp_160_reg_10272                         |    1|   0|    1|          0|
    |tmp_172_reg_10299                         |    1|   0|    1|          0|
    |tmp_172_reg_10299_pp0_iter16_reg          |    1|   0|    1|          0|
    |tmp_174_reg_10305                         |    1|   0|    1|          0|
    |tmp_176_reg_10311                         |    1|   0|    1|          0|
    |tmp_178_reg_10317                         |    1|   0|    1|          0|
    |tmp_180_reg_10323                         |    1|   0|    1|          0|
    |tmp_182_reg_10329                         |    1|   0|    1|          0|
    |tmp_184_reg_10335                         |    1|   0|    1|          0|
    |tmp_186_reg_10341                         |    1|   0|    1|          0|
    |tmp_188_reg_10347                         |    1|   0|    1|          0|
    |tmp_190_reg_10353                         |    1|   0|    1|          0|
    |tmp_192_reg_10359                         |    1|   0|    1|          0|
    |tmp_194_reg_10365                         |    1|   0|    1|          0|
    |tmp_196_reg_10371                         |    1|   0|    1|          0|
    |tmp_198_reg_10377                         |    1|   0|    1|          0|
    |tmp_200_reg_10383                         |    1|   0|    1|          0|
    |tmp_202_reg_10389                         |    1|   0|    1|          0|
    |tmp_204_reg_10395                         |    1|   0|    1|          0|
    |tmp_206_reg_10401                         |    1|   0|    1|          0|
    |tmp_208_reg_10407                         |    1|   0|    1|          0|
    |tmp_210_reg_10413                         |    1|   0|    1|          0|
    |tmp_212_reg_10419                         |    1|   0|    1|          0|
    |tmp_214_reg_10425                         |    1|   0|    1|          0|
    |tmp_216_reg_10431                         |    1|   0|    1|          0|
    |tmp_218_reg_10437                         |    1|   0|    1|          0|
    |tmp_220_reg_10443                         |    1|   0|    1|          0|
    |tmp_222_reg_10449                         |    1|   0|    1|          0|
    |tmp_224_reg_10455                         |    1|   0|    1|          0|
    |tmp_226_reg_10461                         |    1|   0|    1|          0|
    |tmp_228_reg_10467                         |    1|   0|    1|          0|
    |tmp_230_reg_10473                         |    1|   0|    1|          0|
    |tmp_38_reg_10835                          |    1|   0|    1|          0|
    |tmp_40_reg_10840                          |    1|   0|    1|          0|
    |tmp_42_reg_10846                          |    1|   0|    1|          0|
    |tmp_44_reg_10852                          |    1|   0|    1|          0|
    |tmp_46_reg_10858                          |    1|   0|    1|          0|
    |tmp_48_reg_10864                          |    1|   0|    1|          0|
    |tmp_50_reg_10870                          |    1|   0|    1|          0|
    |tmp_52_reg_10876                          |    1|   0|    1|          0|
    |tmp_54_reg_10882                          |    1|   0|    1|          0|
    |tmp_56_reg_10888                          |    1|   0|    1|          0|
    |tmp_58_reg_10894                          |    1|   0|    1|          0|
    |tmp_60_reg_10900                          |    1|   0|    1|          0|
    |tmp_62_reg_10906                          |    1|   0|    1|          0|
    |tmp_64_reg_10912                          |    1|   0|    1|          0|
    |tmp_66_reg_10918                          |    1|   0|    1|          0|
    |tmp_68_reg_10924                          |    1|   0|    1|          0|
    |tmp_70_reg_10930                          |    1|   0|    1|          0|
    |tmp_72_reg_10936                          |    1|   0|    1|          0|
    |tmp_74_reg_10942                          |    1|   0|    1|          0|
    |tmp_76_reg_10948                          |    1|   0|    1|          0|
    |tmp_78_reg_10954                          |    1|   0|    1|          0|
    |tmp_80_reg_10960                          |    1|   0|    1|          0|
    |tmp_82_reg_10966                          |    1|   0|    1|          0|
    |tmp_84_reg_10972                          |    1|   0|    1|          0|
    |tmp_86_reg_10978                          |    1|   0|    1|          0|
    |tmp_88_reg_10984                          |    1|   0|    1|          0|
    |tmp_90_reg_10990                          |    1|   0|    1|          0|
    |tmp_92_reg_10996                          |    1|   0|    1|          0|
    |tmp_94_reg_11002                          |    1|   0|    1|          0|
    |tmp_96_reg_11008                          |    1|   0|    1|          0|
    |tmp_98_reg_11014                          |    1|   0|    1|          0|
    |tmp_s_reg_9400                            |   32|   0|   32|          0|
    |total_vol_reg_10654                       |   37|   0|   37|          0|
    |trunc_ln16_10_reg_11789                   |   37|   0|   37|          0|
    |trunc_ln16_11_reg_11843                   |   37|   0|   37|          0|
    |trunc_ln16_12_reg_11902                   |   37|   0|   37|          0|
    |trunc_ln16_13_reg_11956                   |   37|   0|   37|          0|
    |trunc_ln16_14_reg_12015                   |   37|   0|   37|          0|
    |trunc_ln16_15_reg_12069                   |   37|   0|   37|          0|
    |trunc_ln16_16_reg_12128                   |   37|   0|   37|          0|
    |trunc_ln16_17_reg_12182                   |   37|   0|   37|          0|
    |trunc_ln16_18_reg_12241                   |   37|   0|   37|          0|
    |trunc_ln16_19_reg_12295                   |   37|   0|   37|          0|
    |trunc_ln16_1_reg_11278                    |   37|   0|   37|          0|
    |trunc_ln16_20_reg_12354                   |   37|   0|   37|          0|
    |trunc_ln16_21_reg_12408                   |   37|   0|   37|          0|
    |trunc_ln16_22_reg_12467                   |   37|   0|   37|          0|
    |trunc_ln16_23_reg_12521                   |   37|   0|   37|          0|
    |trunc_ln16_24_reg_12580                   |   37|   0|   37|          0|
    |trunc_ln16_25_reg_12634                   |   37|   0|   37|          0|
    |trunc_ln16_26_reg_12693                   |   37|   0|   37|          0|
    |trunc_ln16_27_reg_12746                   |   37|   0|   37|          0|
    |trunc_ln16_28_reg_12799                   |   37|   0|   37|          0|
    |trunc_ln16_2_reg_11337                    |   37|   0|   37|          0|
    |trunc_ln16_31_reg_10547                   |   36|   0|   36|          0|
    |trunc_ln16_32_reg_10624                   |   36|   0|   36|          0|
    |trunc_ln16_33_reg_10683                   |   36|   0|   36|          0|
    |trunc_ln16_34_reg_10729                   |   36|   0|   36|          0|
    |trunc_ln16_35_reg_10790                   |   36|   0|   36|          0|
    |trunc_ln16_36_reg_11020                   |   36|   0|   36|          0|
    |trunc_ln16_37_reg_11082                   |   36|   0|   36|          0|
    |trunc_ln16_38_reg_11128                   |   36|   0|   36|          0|
    |trunc_ln16_39_reg_11240                   |   36|   0|   36|          0|
    |trunc_ln16_3_reg_11391                    |   37|   0|   37|          0|
    |trunc_ln16_40_reg_11294                   |   36|   0|   36|          0|
    |trunc_ln16_41_reg_11353                   |   36|   0|   36|          0|
    |trunc_ln16_42_reg_11407                   |   36|   0|   36|          0|
    |trunc_ln16_43_reg_11466                   |   36|   0|   36|          0|
    |trunc_ln16_44_reg_11520                   |   36|   0|   36|          0|
    |trunc_ln16_45_reg_11579                   |   36|   0|   36|          0|
    |trunc_ln16_46_reg_11633                   |   36|   0|   36|          0|
    |trunc_ln16_47_reg_11692                   |   36|   0|   36|          0|
    |trunc_ln16_48_reg_11746                   |   36|   0|   36|          0|
    |trunc_ln16_49_reg_11805                   |   36|   0|   36|          0|
    |trunc_ln16_4_reg_11450                    |   37|   0|   37|          0|
    |trunc_ln16_50_reg_11859                   |   36|   0|   36|          0|
    |trunc_ln16_51_reg_11918                   |   36|   0|   36|          0|
    |trunc_ln16_52_reg_11972                   |   36|   0|   36|          0|
    |trunc_ln16_53_reg_12031                   |   36|   0|   36|          0|
    |trunc_ln16_54_reg_12085                   |   36|   0|   36|          0|
    |trunc_ln16_55_reg_12144                   |   36|   0|   36|          0|
    |trunc_ln16_56_reg_12198                   |   36|   0|   36|          0|
    |trunc_ln16_57_reg_12257                   |   36|   0|   36|          0|
    |trunc_ln16_58_reg_12311                   |   36|   0|   36|          0|
    |trunc_ln16_59_reg_12370                   |   36|   0|   36|          0|
    |trunc_ln16_5_reg_11504                    |   37|   0|   37|          0|
    |trunc_ln16_60_reg_12424                   |   36|   0|   36|          0|
    |trunc_ln16_61_reg_10278                   |    1|   0|    1|          0|
    |trunc_ln16_62_reg_12483                   |   36|   0|   36|          0|
    |trunc_ln16_63_reg_10604                   |   36|   0|   36|          0|
    |trunc_ln16_64_reg_10639                   |   36|   0|   36|          0|
    |trunc_ln16_65_reg_10703                   |   36|   0|   36|          0|
    |trunc_ln16_66_reg_10744                   |   36|   0|   36|          0|
    |trunc_ln16_67_reg_10805                   |   36|   0|   36|          0|
    |trunc_ln16_68_reg_11035                   |   36|   0|   36|          0|
    |trunc_ln16_69_reg_11097                   |   36|   0|   36|          0|
    |trunc_ln16_6_reg_11563                    |   37|   0|   37|          0|
    |trunc_ln16_70_reg_11144                   |   36|   0|   36|          0|
    |trunc_ln16_71_reg_11256                   |   36|   0|   36|          0|
    |trunc_ln16_72_reg_11310                   |   36|   0|   36|          0|
    |trunc_ln16_73_reg_11369                   |   36|   0|   36|          0|
    |trunc_ln16_74_reg_11423                   |   36|   0|   36|          0|
    |trunc_ln16_75_reg_11482                   |   36|   0|   36|          0|
    |trunc_ln16_76_reg_11536                   |   36|   0|   36|          0|
    |trunc_ln16_77_reg_11595                   |   36|   0|   36|          0|
    |trunc_ln16_78_reg_11649                   |   36|   0|   36|          0|
    |trunc_ln16_79_reg_11708                   |   36|   0|   36|          0|
    |trunc_ln16_7_reg_11617                    |   37|   0|   37|          0|
    |trunc_ln16_80_reg_11762                   |   36|   0|   36|          0|
    |trunc_ln16_81_reg_11821                   |   36|   0|   36|          0|
    |trunc_ln16_82_reg_11875                   |   36|   0|   36|          0|
    |trunc_ln16_83_reg_11934                   |   36|   0|   36|          0|
    |trunc_ln16_84_reg_11988                   |   36|   0|   36|          0|
    |trunc_ln16_85_reg_12047                   |   36|   0|   36|          0|
    |trunc_ln16_86_reg_12101                   |   36|   0|   36|          0|
    |trunc_ln16_87_reg_12160                   |   36|   0|   36|          0|
    |trunc_ln16_88_reg_12214                   |   36|   0|   36|          0|
    |trunc_ln16_89_reg_12273                   |   36|   0|   36|          0|
    |trunc_ln16_8_reg_11676                    |   37|   0|   37|          0|
    |trunc_ln16_90_reg_12327                   |   36|   0|   36|          0|
    |trunc_ln16_91_reg_12386                   |   36|   0|   36|          0|
    |trunc_ln16_92_reg_12440                   |   36|   0|   36|          0|
    |trunc_ln16_93_reg_10479                   |    1|   0|    1|          0|
    |trunc_ln16_94_reg_12499                   |   36|   0|   36|          0|
    |trunc_ln16_9_reg_11730                    |   37|   0|   37|          0|
    |trunc_ln16_reg_11123                      |   37|   0|   37|          0|
    |trunc_ln16_reg_11123_pp0_iter24_reg       |   37|   0|   37|          0|
    |trunc_ln19_100_reg_11418                  |   37|   0|   37|          0|
    |trunc_ln19_102_reg_11477                  |   37|   0|   37|          0|
    |trunc_ln19_104_reg_11531                  |   37|   0|   37|          0|
    |trunc_ln19_106_reg_11590                  |   37|   0|   37|          0|
    |trunc_ln19_108_reg_11644                  |   37|   0|   37|          0|
    |trunc_ln19_110_reg_11703                  |   37|   0|   37|          0|
    |trunc_ln19_112_reg_11757                  |   37|   0|   37|          0|
    |trunc_ln19_114_reg_11816                  |   37|   0|   37|          0|
    |trunc_ln19_116_reg_11870                  |   37|   0|   37|          0|
    |trunc_ln19_118_reg_11929                  |   37|   0|   37|          0|
    |trunc_ln19_120_reg_11983                  |   37|   0|   37|          0|
    |trunc_ln19_122_reg_12042                  |   37|   0|   37|          0|
    |trunc_ln19_124_reg_12096                  |   37|   0|   37|          0|
    |trunc_ln19_126_reg_12155                  |   37|   0|   37|          0|
    |trunc_ln19_128_reg_12209                  |   37|   0|   37|          0|
    |trunc_ln19_130_reg_12268                  |   37|   0|   37|          0|
    |trunc_ln19_132_reg_12322                  |   37|   0|   37|          0|
    |trunc_ln19_134_reg_12381                  |   37|   0|   37|          0|
    |trunc_ln19_136_reg_12435                  |   37|   0|   37|          0|
    |trunc_ln19_138_reg_12494                  |   37|   0|   37|          0|
    |trunc_ln19_146_reg_10294                  |   37|   0|   37|          0|
    |trunc_ln19_148_reg_10614                  |   37|   0|   37|          0|
    |trunc_ln19_150_reg_10649                  |   37|   0|   37|          0|
    |trunc_ln19_152_reg_10713                  |   37|   0|   37|          0|
    |trunc_ln19_154_reg_10754                  |   37|   0|   37|          0|
    |trunc_ln19_156_reg_10815                  |   37|   0|   37|          0|
    |trunc_ln19_158_reg_11045                  |   37|   0|   37|          0|
    |trunc_ln19_160_reg_11107                  |   37|   0|   37|          0|
    |trunc_ln19_162_reg_11155                  |   37|   0|   37|          0|
    |trunc_ln19_164_reg_11267                  |   37|   0|   37|          0|
    |trunc_ln19_166_reg_11321                  |   37|   0|   37|          0|
    |trunc_ln19_168_reg_11380                  |   37|   0|   37|          0|
    |trunc_ln19_16_reg_11077                   |   38|   0|   38|          0|
    |trunc_ln19_170_reg_11434                  |   37|   0|   37|          0|
    |trunc_ln19_172_reg_11493                  |   37|   0|   37|          0|
    |trunc_ln19_174_reg_11547                  |   37|   0|   37|          0|
    |trunc_ln19_176_reg_11606                  |   37|   0|   37|          0|
    |trunc_ln19_178_reg_11660                  |   37|   0|   37|          0|
    |trunc_ln19_17_reg_11235                   |   38|   0|   38|          0|
    |trunc_ln19_180_reg_11719                  |   37|   0|   37|          0|
    |trunc_ln19_182_reg_11773                  |   37|   0|   37|          0|
    |trunc_ln19_184_reg_11832                  |   37|   0|   37|          0|
    |trunc_ln19_186_reg_11886                  |   37|   0|   37|          0|
    |trunc_ln19_188_reg_11945                  |   37|   0|   37|          0|
    |trunc_ln19_190_reg_11999                  |   37|   0|   37|          0|
    |trunc_ln19_192_reg_12058                  |   37|   0|   37|          0|
    |trunc_ln19_194_reg_12112                  |   37|   0|   37|          0|
    |trunc_ln19_196_reg_12171                  |   37|   0|   37|          0|
    |trunc_ln19_198_reg_12225                  |   37|   0|   37|          0|
    |trunc_ln19_19_reg_11289                   |   38|   0|   38|          0|
    |trunc_ln19_1_reg_11061                    |   38|   0|   38|          0|
    |trunc_ln19_200_reg_12284                  |   37|   0|   37|          0|
    |trunc_ln19_202_reg_12338                  |   37|   0|   37|          0|
    |trunc_ln19_204_reg_12397                  |   37|   0|   37|          0|
    |trunc_ln19_206_reg_12451                  |   37|   0|   37|          0|
    |trunc_ln19_208_reg_12510                  |   37|   0|   37|          0|
    |trunc_ln19_21_reg_11348                   |   38|   0|   38|          0|
    |trunc_ln19_23_reg_11402                   |   38|   0|   38|          0|
    |trunc_ln19_25_reg_11461                   |   38|   0|   38|          0|
    |trunc_ln19_27_reg_11515                   |   38|   0|   38|          0|
    |trunc_ln19_29_reg_11574                   |   38|   0|   38|          0|
    |trunc_ln19_31_reg_11628                   |   38|   0|   38|          0|
    |trunc_ln19_33_reg_11687                   |   38|   0|   38|          0|
    |trunc_ln19_35_reg_11741                   |   38|   0|   38|          0|
    |trunc_ln19_37_reg_11800                   |   38|   0|   38|          0|
    |trunc_ln19_39_reg_11854                   |   38|   0|   38|          0|
    |trunc_ln19_41_reg_11913                   |   38|   0|   38|          0|
    |trunc_ln19_43_reg_11967                   |   38|   0|   38|          0|
    |trunc_ln19_45_reg_12026                   |   38|   0|   38|          0|
    |trunc_ln19_47_reg_12080                   |   38|   0|   38|          0|
    |trunc_ln19_49_reg_12139                   |   38|   0|   38|          0|
    |trunc_ln19_51_reg_12193                   |   38|   0|   38|          0|
    |trunc_ln19_53_reg_12252                   |   38|   0|   38|          0|
    |trunc_ln19_55_reg_12306                   |   38|   0|   38|          0|
    |trunc_ln19_57_reg_12365                   |   38|   0|   38|          0|
    |trunc_ln19_59_reg_12419                   |   38|   0|   38|          0|
    |trunc_ln19_61_reg_12478                   |   38|   0|   38|          0|
    |trunc_ln19_63_reg_12532                   |   38|   0|   38|          0|
    |trunc_ln19_65_reg_12591                   |   38|   0|   38|          0|
    |trunc_ln19_67_reg_12645                   |   38|   0|   38|          0|
    |trunc_ln19_69_reg_12704                   |   38|   0|   38|          0|
    |trunc_ln19_71_reg_12757                   |   38|   0|   38|          0|
    |trunc_ln19_73_reg_12810                   |   38|   0|   38|          0|
    |trunc_ln19_76_reg_10093                   |   37|   0|   37|          0|
    |trunc_ln19_78_reg_10557                   |   37|   0|   37|          0|
    |trunc_ln19_80_reg_10634                   |   37|   0|   37|          0|
    |trunc_ln19_82_reg_10693                   |   37|   0|   37|          0|
    |trunc_ln19_84_reg_10739                   |   37|   0|   37|          0|
    |trunc_ln19_86_reg_10800                   |   37|   0|   37|          0|
    |trunc_ln19_88_reg_11030                   |   37|   0|   37|          0|
    |trunc_ln19_90_reg_11092                   |   37|   0|   37|          0|
    |trunc_ln19_92_reg_11139                   |   37|   0|   37|          0|
    |trunc_ln19_94_reg_11251                   |   37|   0|   37|          0|
    |trunc_ln19_96_reg_11305                   |   37|   0|   37|          0|
    |trunc_ln19_98_reg_11364                   |   37|   0|   37|          0|
    |trunc_ln19_reg_10765                      |   37|   0|   37|          0|
    |trunc_ln4_reg_10830                       |   37|   0|   37|          0|
    |trunc_ln64_reg_10775                      |   32|   0|   32|          0|
    |trunc_ln66_reg_10785                      |   32|   0|   32|          0|
    |zext_ln44_2_reg_9522                      |   34|   0|   35|          1|
    |zext_ln44_3_reg_9944                      |   35|   0|   36|          1|
    |zext_ln48_11_reg_9939                     |   35|   0|   36|          1|
    |zext_ln48_4_reg_9517                      |   34|   0|   35|          1|
    |zext_ln81_1_reg_9692                      |   65|   0|   66|          1|
    |zext_ln81_2_reg_9814                      |   66|   0|   67|          1|
    |zext_ln81_3_reg_10006                     |   67|   0|   68|          1|
    |zext_ln81_reg_9630                        |   64|   0|   65|          1|
    |zext_ln89_11_reg_10001                    |   67|   0|   68|          1|
    |zext_ln89_1_reg_9687                      |   65|   0|   66|          1|
    |zext_ln89_4_reg_9809                      |   66|   0|   67|          1|
    |zext_ln89_reg_9625                        |   64|   0|   65|          1|
    |add_ln68_reg_10825                        |   64|  32|   32|          0|
    |and_ln70_reg_9619                         |   64|  32|    1|          0|
    |ask_vol_18_reg_10072                      |   64|  32|   36|          0|
    |bid_heavy_reg_10718                       |   64|  32|    1|          0|
    |bid_vol_19_reg_10061                      |   64|  32|   36|          0|
    |conv_i38_i158_reg_10505                   |   64|  32|   39|          3|
    |conv_i38_i782_reg_11165                   |   64|  32|   40|          3|
    |conv_i38_i_reg_10562                      |   64|  32|   39|          3|
    |icmp_ln57_reg_11160                       |   64|  32|    1|          0|
    |icmp_ln70_reg_11224                       |   64|  32|    1|          0|
    |icmp_ln93_reg_10678                       |   64|  32|    1|          0|
    |icmp_ln94_reg_10698                       |   64|  32|    1|          0|
    |neg_100_reg_11374                         |   64|  32|    1|          0|
    |neg_101_reg_11428                         |   64|  32|    1|          0|
    |neg_102_reg_11487                         |   64|  32|    1|          0|
    |neg_103_reg_11541                         |   64|  32|    1|          0|
    |neg_104_reg_11600                         |   64|  32|    1|          0|
    |neg_105_reg_11654                         |   64|  32|    1|          0|
    |neg_106_reg_11713                         |   64|  32|    1|          0|
    |neg_107_reg_11767                         |   64|  32|    1|          0|
    |neg_108_reg_11826                         |   64|  32|    1|          0|
    |neg_109_reg_11880                         |   64|  32|    1|          0|
    |neg_10_reg_12122                          |   64|  32|    1|          0|
    |neg_110_reg_11939                         |   64|  32|    1|          0|
    |neg_111_reg_11993                         |   64|  32|    1|          0|
    |neg_112_reg_12052                         |   64|  32|    1|          0|
    |neg_113_reg_12106                         |   64|  32|    1|          0|
    |neg_114_reg_12165                         |   64|  32|    1|          0|
    |neg_115_reg_12219                         |   64|  32|    1|          0|
    |neg_116_reg_12278                         |   64|  32|    1|          0|
    |neg_117_reg_12332                         |   64|  32|    1|          0|
    |neg_118_reg_12391                         |   64|  32|    1|          0|
    |neg_119_reg_12445                         |   64|  32|    1|          0|
    |neg_11_reg_12235                          |   64|  32|    1|          0|
    |neg_120_reg_12504                         |   64|  32|    1|          0|
    |neg_121_reg_12563                         |   64|  32|    1|          0|
    |neg_122_reg_12622                         |   64|  32|    1|          0|
    |neg_123_reg_12676                         |   64|  32|    1|          0|
    |neg_124_reg_12735                         |   64|  32|    1|          0|
    |neg_125_reg_12788                         |   64|  32|    1|          0|
    |neg_12_reg_12348                          |   64|  32|    1|          0|
    |neg_13_reg_12461                          |   64|  32|    1|          0|
    |neg_14_reg_12574                          |   64|  32|    1|          0|
    |neg_17_reg_11071                          |   64|  32|    1|          0|
    |neg_18_reg_11229                          |   64|  32|    1|          0|
    |neg_19_reg_11283                          |   64|  32|    1|          0|
    |neg_1_reg_11055                           |   64|  32|    1|          0|
    |neg_20_reg_11342                          |   64|  32|    1|          0|
    |neg_21_reg_11396                          |   64|  32|    1|          0|
    |neg_22_reg_11455                          |   64|  32|    1|          0|
    |neg_23_reg_11509                          |   64|  32|    1|          0|
    |neg_24_reg_11568                          |   64|  32|    1|          0|
    |neg_25_reg_11622                          |   64|  32|    1|          0|
    |neg_26_reg_11681                          |   64|  32|    1|          0|
    |neg_27_reg_11735                          |   64|  32|    1|          0|
    |neg_28_reg_11794                          |   64|  32|    1|          0|
    |neg_29_reg_11848                          |   64|  32|    1|          0|
    |neg_2_reg_11218                           |   64|  32|    1|          0|
    |neg_30_reg_11907                          |   64|  32|    1|          0|
    |neg_31_reg_11961                          |   64|  32|    1|          0|
    |neg_32_reg_12020                          |   64|  32|    1|          0|
    |neg_33_reg_12074                          |   64|  32|    1|          0|
    |neg_34_reg_12133                          |   64|  32|    1|          0|
    |neg_35_reg_12187                          |   64|  32|    1|          0|
    |neg_36_reg_12246                          |   64|  32|    1|          0|
    |neg_37_reg_12300                          |   64|  32|    1|          0|
    |neg_38_reg_12359                          |   64|  32|    1|          0|
    |neg_39_reg_12413                          |   64|  32|    1|          0|
    |neg_3_reg_11331                           |   64|  32|    1|          0|
    |neg_40_reg_12472                          |   64|  32|    1|          0|
    |neg_41_reg_12526                          |   64|  32|    1|          0|
    |neg_42_reg_12585                          |   64|  32|    1|          0|
    |neg_43_reg_12639                          |   64|  32|    1|          0|
    |neg_44_reg_12698                          |   64|  32|    1|          0|
    |neg_45_reg_12751                          |   64|  32|    1|          0|
    |neg_4_reg_11444                           |   64|  32|    1|          0|
    |neg_57_reg_11133                          |   64|  32|    1|          0|
    |neg_58_reg_11245                          |   64|  32|    1|          0|
    |neg_59_reg_11299                          |   64|  32|    1|          0|
    |neg_5_reg_11557                           |   64|  32|    1|          0|
    |neg_60_reg_11358                          |   64|  32|    1|          0|
    |neg_61_reg_11412                          |   64|  32|    1|          0|
    |neg_62_reg_11471                          |   64|  32|    1|          0|
    |neg_63_reg_11525                          |   64|  32|    1|          0|
    |neg_64_reg_11584                          |   64|  32|    1|          0|
    |neg_65_reg_11638                          |   64|  32|    1|          0|
    |neg_66_reg_11697                          |   64|  32|    1|          0|
    |neg_67_reg_11751                          |   64|  32|    1|          0|
    |neg_68_reg_11810                          |   64|  32|    1|          0|
    |neg_69_reg_11864                          |   64|  32|    1|          0|
    |neg_6_reg_11670                           |   64|  32|    1|          0|
    |neg_70_reg_11923                          |   64|  32|    1|          0|
    |neg_71_reg_11977                          |   64|  32|    1|          0|
    |neg_72_reg_12036                          |   64|  32|    1|          0|
    |neg_73_reg_12090                          |   64|  32|    1|          0|
    |neg_74_reg_12149                          |   64|  32|    1|          0|
    |neg_75_reg_12203                          |   64|  32|    1|          0|
    |neg_76_reg_12262                          |   64|  32|    1|          0|
    |neg_77_reg_12316                          |   64|  32|    1|          0|
    |neg_78_reg_12375                          |   64|  32|    1|          0|
    |neg_79_reg_12429                          |   64|  32|    1|          0|
    |neg_7_reg_11783                           |   64|  32|    1|          0|
    |neg_80_reg_12488                          |   64|  32|    1|          0|
    |neg_81_reg_12547                          |   64|  32|    1|          0|
    |neg_82_reg_12606                          |   64|  32|    1|          0|
    |neg_83_reg_12660                          |   64|  32|    1|          0|
    |neg_84_reg_12719                          |   64|  32|    1|          0|
    |neg_85_reg_12772                          |   64|  32|    1|          0|
    |neg_8_reg_11896                           |   64|  32|    1|          0|
    |neg_97_reg_11149                          |   64|  32|    1|          0|
    |neg_98_reg_11261                          |   64|  32|    1|          0|
    |neg_99_reg_11315                          |   64|  32|    1|          0|
    |neg_9_reg_12009                           |   64|  32|    1|          0|
    |neg_reg_10759                             |   64|  32|    1|          0|
    |select_ln75_reg_10619                     |   64|  32|   32|          0|
    |snap_asks_price_3_reg_9271                |   64|  32|   32|          0|
    |snap_asks_price_4_reg_9288                |   64|  32|   32|          0|
    |snap_asks_price_5_reg_9305                |   64|  32|   32|          0|
    |snap_asks_price_6_reg_9322                |   64|  32|   32|          0|
    |snap_asks_price_7_reg_9339                |   64|  32|   32|          0|
    |snap_asks_price_8_reg_9356                |   64|  32|   32|          0|
    |snap_asks_price_9_reg_9373                |   64|  32|   32|          0|
    |snap_asks_price_reg_9218                  |   64|  32|   32|          0|
    |snap_asks_size_3_reg_9276                 |   64|  32|   32|          0|
    |snap_asks_size_4_reg_9293                 |   64|  32|   32|          0|
    |snap_asks_size_5_reg_9310                 |   64|  32|   32|          0|
    |snap_asks_size_6_reg_9327                 |   64|  32|   32|          0|
    |snap_asks_size_7_reg_9344                 |   64|  32|   32|          0|
    |snap_asks_size_8_reg_9361                 |   64|  32|   32|          0|
    |snap_asks_size_9_reg_9378                 |   64|  32|   32|          0|
    |snap_asks_valid_1_reg_9248                |   64|  32|    1|          0|
    |snap_asks_valid_2_reg_9265                |   64|  32|    1|          0|
    |snap_asks_valid_3_reg_9282                |   64|  32|    1|          0|
    |snap_asks_valid_4_reg_9299                |   64|  32|    1|          0|
    |snap_asks_valid_5_reg_9316                |   64|  32|    1|          0|
    |snap_asks_valid_6_reg_9333                |   64|  32|    1|          0|
    |snap_asks_valid_7_reg_9350                |   64|  32|    1|          0|
    |snap_asks_valid_8_reg_9367                |   64|  32|    1|          0|
    |snap_asks_valid_9_reg_9384                |   64|  32|    1|          0|
    |snap_asks_valid_reg_9231                  |   64|  32|    1|          0|
    |snap_bids_price_3_reg_9099                |   64|  32|   32|          0|
    |snap_bids_price_4_reg_9116                |   64|  32|   32|          0|
    |snap_bids_price_5_reg_9133                |   64|  32|   32|          0|
    |snap_bids_price_6_reg_9150                |   64|  32|   32|          0|
    |snap_bids_price_7_reg_9167                |   64|  32|   32|          0|
    |snap_bids_price_8_reg_9184                |   64|  32|   32|          0|
    |snap_bids_price_9_reg_9201                |   64|  32|   32|          0|
    |snap_bids_price_reg_9046                  |   64|  32|   32|          0|
    |snap_bids_size_3_reg_9104                 |   64|  32|   32|          0|
    |snap_bids_size_4_reg_9121                 |   64|  32|   32|          0|
    |snap_bids_size_5_reg_9138                 |   64|  32|   32|          0|
    |snap_bids_size_6_reg_9155                 |   64|  32|   32|          0|
    |snap_bids_size_7_reg_9172                 |   64|  32|   32|          0|
    |snap_bids_size_8_reg_9189                 |   64|  32|   32|          0|
    |snap_bids_size_9_reg_9206                 |   64|  32|   32|          0|
    |snap_bids_valid_1_reg_9076                |   64|  32|    1|          0|
    |snap_bids_valid_2_reg_9093                |   64|  32|    1|          0|
    |snap_bids_valid_3_reg_9110                |   64|  32|    1|          0|
    |snap_bids_valid_4_reg_9127                |   64|  32|    1|          0|
    |snap_bids_valid_5_reg_9144                |   64|  32|    1|          0|
    |snap_bids_valid_6_reg_9161                |   64|  32|    1|          0|
    |snap_bids_valid_7_reg_9178                |   64|  32|    1|          0|
    |snap_bids_valid_8_reg_9195                |   64|  32|    1|          0|
    |snap_bids_valid_9_reg_9212                |   64|  32|    1|          0|
    |snap_bids_valid_reg_9059                  |   64|  32|    1|          0|
    |tmp_104_reg_10104                         |   64|  32|    1|          0|
    |tmp_106_reg_10110                         |   64|  32|    1|          0|
    |tmp_108_reg_10116                         |   64|  32|    1|          0|
    |tmp_110_reg_10122                         |   64|  32|    1|          0|
    |tmp_112_reg_10128                         |   64|  32|    1|          0|
    |tmp_114_reg_10134                         |   64|  32|    1|          0|
    |tmp_116_reg_10140                         |   64|  32|    1|          0|
    |tmp_118_reg_10146                         |   64|  32|    1|          0|
    |tmp_120_reg_10152                         |   64|  32|    1|          0|
    |tmp_122_reg_10158                         |   64|  32|    1|          0|
    |tmp_124_reg_10164                         |   64|  32|    1|          0|
    |tmp_126_reg_10170                         |   64|  32|    1|          0|
    |tmp_128_reg_10176                         |   64|  32|    1|          0|
    |tmp_130_reg_10182                         |   64|  32|    1|          0|
    |tmp_132_reg_10188                         |   64|  32|    1|          0|
    |tmp_134_reg_10194                         |   64|  32|    1|          0|
    |tmp_136_reg_10200                         |   64|  32|    1|          0|
    |tmp_138_reg_10206                         |   64|  32|    1|          0|
    |tmp_140_reg_10212                         |   64|  32|    1|          0|
    |tmp_142_reg_10218                         |   64|  32|    1|          0|
    |tmp_144_reg_10224                         |   64|  32|    1|          0|
    |tmp_146_reg_10230                         |   64|  32|    1|          0|
    |tmp_148_reg_10236                         |   64|  32|    1|          0|
    |tmp_150_reg_10242                         |   64|  32|    1|          0|
    |tmp_152_reg_10248                         |   64|  32|    1|          0|
    |tmp_154_reg_10254                         |   64|  32|    1|          0|
    |tmp_156_reg_10260                         |   64|  32|    1|          0|
    |tmp_158_reg_10266                         |   64|  32|    1|          0|
    |tmp_160_reg_10272                         |   64|  32|    1|          0|
    |tmp_174_reg_10305                         |   64|  32|    1|          0|
    |tmp_176_reg_10311                         |   64|  32|    1|          0|
    |tmp_178_reg_10317                         |   64|  32|    1|          0|
    |tmp_180_reg_10323                         |   64|  32|    1|          0|
    |tmp_182_reg_10329                         |   64|  32|    1|          0|
    |tmp_184_reg_10335                         |   64|  32|    1|          0|
    |tmp_186_reg_10341                         |   64|  32|    1|          0|
    |tmp_188_reg_10347                         |   64|  32|    1|          0|
    |tmp_190_reg_10353                         |   64|  32|    1|          0|
    |tmp_192_reg_10359                         |   64|  32|    1|          0|
    |tmp_194_reg_10365                         |   64|  32|    1|          0|
    |tmp_196_reg_10371                         |   64|  32|    1|          0|
    |tmp_198_reg_10377                         |   64|  32|    1|          0|
    |tmp_200_reg_10383                         |   64|  32|    1|          0|
    |tmp_202_reg_10389                         |   64|  32|    1|          0|
    |tmp_204_reg_10395                         |   64|  32|    1|          0|
    |tmp_206_reg_10401                         |   64|  32|    1|          0|
    |tmp_208_reg_10407                         |   64|  32|    1|          0|
    |tmp_210_reg_10413                         |   64|  32|    1|          0|
    |tmp_212_reg_10419                         |   64|  32|    1|          0|
    |tmp_214_reg_10425                         |   64|  32|    1|          0|
    |tmp_216_reg_10431                         |   64|  32|    1|          0|
    |tmp_218_reg_10437                         |   64|  32|    1|          0|
    |tmp_220_reg_10443                         |   64|  32|    1|          0|
    |tmp_222_reg_10449                         |   64|  32|    1|          0|
    |tmp_224_reg_10455                         |   64|  32|    1|          0|
    |tmp_226_reg_10461                         |   64|  32|    1|          0|
    |tmp_228_reg_10467                         |   64|  32|    1|          0|
    |tmp_230_reg_10473                         |   64|  32|    1|          0|
    |tmp_40_reg_10840                          |   64|  32|    1|          0|
    |tmp_42_reg_10846                          |   64|  32|    1|          0|
    |tmp_44_reg_10852                          |   64|  32|    1|          0|
    |tmp_46_reg_10858                          |   64|  32|    1|          0|
    |tmp_48_reg_10864                          |   64|  32|    1|          0|
    |tmp_50_reg_10870                          |   64|  32|    1|          0|
    |tmp_52_reg_10876                          |   64|  32|    1|          0|
    |tmp_54_reg_10882                          |   64|  32|    1|          0|
    |tmp_56_reg_10888                          |   64|  32|    1|          0|
    |tmp_58_reg_10894                          |   64|  32|    1|          0|
    |tmp_60_reg_10900                          |   64|  32|    1|          0|
    |tmp_62_reg_10906                          |   64|  32|    1|          0|
    |tmp_64_reg_10912                          |   64|  32|    1|          0|
    |tmp_66_reg_10918                          |   64|  32|    1|          0|
    |tmp_68_reg_10924                          |   64|  32|    1|          0|
    |tmp_70_reg_10930                          |   64|  32|    1|          0|
    |tmp_72_reg_10936                          |   64|  32|    1|          0|
    |tmp_74_reg_10942                          |   64|  32|    1|          0|
    |tmp_76_reg_10948                          |   64|  32|    1|          0|
    |tmp_78_reg_10954                          |   64|  32|    1|          0|
    |tmp_80_reg_10960                          |   64|  32|    1|          0|
    |tmp_82_reg_10966                          |   64|  32|    1|          0|
    |tmp_84_reg_10972                          |   64|  32|    1|          0|
    |tmp_86_reg_10978                          |   64|  32|    1|          0|
    |tmp_88_reg_10984                          |   64|  32|    1|          0|
    |tmp_90_reg_10990                          |   64|  32|    1|          0|
    |tmp_92_reg_10996                          |   64|  32|    1|          0|
    |tmp_94_reg_11002                          |   64|  32|    1|          0|
    |tmp_96_reg_11008                          |   64|  32|    1|          0|
    |tmp_98_reg_11014                          |   64|  32|    1|          0|
    |tmp_s_reg_9400                            |   64|  32|   32|          0|
    |total_vol_reg_10654                       |   64|  32|   37|          0|
    |trunc_ln16_61_reg_10278                   |   64|  32|    1|          0|
    |trunc_ln16_93_reg_10479                   |   64|  32|    1|          0|
    +------------------------------------------+-----+----+-----+-----------+
    |Total                                     |33986|8224|19061|         31|
    +------------------------------------------+-----+----+-----+-----------+



================================================================
== Interface
================================================================
* Summary: 
+----------------+-----+------+--------------+-----------------+--------------+
|    RTL Ports   | Dir | Bits |   Protocol   |  Source Object  |    C Type    |
+----------------+-----+------+--------------+-----------------+--------------+
|ap_clk          |   in|     1|  ap_ctrl_none|  compute_signals|  return value|
|ap_rst_n        |   in|     1|  ap_ctrl_none|  compute_signals|  return value|
|in_snap_TVALID  |   in|     1|          axis|          in_snap|       pointer|
|in_snap_TDATA   |   in|  1984|          axis|          in_snap|       pointer|
|in_snap_TREADY  |  out|     1|          axis|          in_snap|       pointer|
|out_sig_TREADY  |   in|     1|          axis|          out_sig|       pointer|
|out_sig_TDATA   |  out|   224|          axis|          out_sig|       pointer|
|out_sig_TVALID  |  out|     1|          axis|          out_sig|       pointer|
+----------------+-----+------+--------------+-----------------+--------------+

